Public domain	Bubbles animation	bubbles	C	E0	8bs10a	p	N
Public domain	Citadel cheats	citadel	C	19	8bs10a	C	N
Public domain	cold tea 	coldtea	C	19	8bs10a	M	N
Public domain	Complex equations	complex	C	19	8bs10a	u	N
Public domain	concept car graphics	concept	C	19	8bs10a	p	n
Public domain	crazy balls	crazy	C	19	8bs10a	g	N
Public domain	Gisburns castle	gisburn	C	19	8bs10a	g	N
Public domain	graphical gears	gears	C	19	8bs10a	G	N
Public domain	infinate triangles	Triangl	C	19	8bs10a	P	N
Public domain	liverpool manager	liverp	C	19	8bs10a	s	N
Public domain	lumberjack	tune1	C	19	8bs10a	M	N
Public domain	mandlebrot	mandle	C	19	8bs10a	p	N
Public domain	printer command	print	C	19	8bs10a	u	N
Public domain	Repton 3 screen	r.trog	C	19	8bs10a	p	N
Public domain	screen transfer	screent	R	19	8bs10a	U	N
Public domain	space planets	spacep	C	19	8bs10a	G	N
Public domain	adventure hints 1+2	v.hint1	s	FA	8bs10b	U	N
Public domain	adventure hints 1+2	v.hint2	s	FA	8bs10b	U	N
Public domain	graphical animations	!Swars	E	FF	8bs10b	U	N
Public domain	astronomy database	observe	C	19	8bs11a	u	N
Public domain	careers forcaster	careers	C	19	8bs11a	u	N
Public domain	extra star commands	t.starcom	C	19	8bs11a	u	N
Public domain	helicopter haulocast	helicop	C	19	8bs11a	G	N
Public domain	percentages	percent	R	19	8bs11a	u	N
Public domain	pontoon	pontoon	C	19	8bs11a	G	N
Public domain	red dwarf III	dloader	C	19	8bs11a	p	N
Public domain	repton3 screen	r.blog	C	19	8bs11a	u	N
Public domain	teletext editor	texted	C	19	8bs11a	u	N
Public domain	year planner 	organse	C	19	8bs11a	u	N
Public domain	 world map 1	s.obliter	s	9	8bs11b	p	N
Public domain	 world map 2	s.raytrc	s	19	8bs11b	p	n
Public domain	 world map 3	s.valky	s	19	8bs11b	p	n
Public domain	 world map 4	s.wmap1	s	19	8bs11b	p	N
Public domain	 world map 4	s.wmap2	s	19	8bs11b	p	N
Public domain	 world map 5	s.wmap3	s	19	8bs11b	p	N
Public domain	charging article	t.charge	C	19	8bs11b	u	N
Public domain	repton review	t.repton	T	19	8bs11b	u	N
Public domain	3d Spinning ball	3dspin	C	19	8bs12a	p	N
Public domain	Arc 	r.arc	l	80	8bs12a	u	N
Public domain	basdump	r.basdump	C	19	8bs12a	u	N
Public domain	Chucky egg extra screens	a.chuck	C	19	8bs12a	p	N
Public domain	complete address book	address	C	19	8bs12a	u	N
Public domain	devils island	b.devils	r	19	8bs12a	G	N
Public domain	life	r.life	l	80	8bs12a	u	N
Public domain	lost your marbles fix	mm1	C	19	8bs12a	u	N
Public domain	prommer rom 	prommer	C	19	8bs12a	u	N
Public domain	Repton3 screen	upaka	C	19	8bs12a	p	n
Public domain	rot5 graphics	rot5	C	19	8bs12a	u	N
Public domain	rs232	rs232	C	19	8bs12a	u	N
Public domain	shares accountant	sscreen	c	19	8bs12a	u	n
Public domain	sunrise/sunset	sunprog	C	19	8bs12a	u	N
Public domain	xarc	r.xarc	l	80	8bs12a	u	N
Public domain	agog ago	title2	p	19	8bs12b	p	N
Public domain	Andy Nibbs tech tips	magins	t	19	8bs12b	u	N
Public domain	Bananas level	bananas	C	19	8bs12b	G	N
Public domain	persian carpet	title1	p	19	8bs12b	p	N
Public domain	space pods	spcpods	C	19	8bs12b	G	N
Public domain	adfs search	adfssch	C	19	8bs13a	u	n
Public domain	amcom to ADFS	amcom	C	19	8bs13a	u	N
Public domain	ample music 500	a.axelf	C	19	8bs13a	m	N
Public domain	ample music 5000	5.hilow	C	19	8bs13a	m	N
Public domain	AxelF	axelf	C	19	8bs13a	m	N
Public domain	Broadway boogie	boogie	C	19	8bs13a	m	N
Public domain	dir rename	dirname	C	19	8bs13a	u	N
Public domain	envelope creator	envcrt	C	19	8bs13a	u	N
Public domain	Etype cheat	etypech	C	19	8bs13a	c	N
Public domain	froggy	froggy	C	19	8bs13a	G	N
Public domain	golden brown	golden	C	19	8bs13a	m	N
Public domain	kix game cheat	kixcht	C	19	8bs13a	c	N
Public domain	motor consumption	motor	C	19	8bs13a	u	N
Public domain	newsreader	news	C	19	8bs13a	u	N
Public domain	phantom of the opera	phan2	C	19	8bs13a	m	N
Public domain	repton infinity screen	I.kisei	c	19	8bs13a	p	n
Public domain	rom to disk	romdisc	C	19	8bs13a	u	N
Public domain	seasick mode split	seasick	C	19	8bs13a	u	N
Public domain	stairway to heaven	heaven	C	19	8bs13a	m	N
Public domain	thomas the tank	thomas	C	19	8bs13a	p	N
Public domain	Blakes 7 liberator	liberat	p	19	8bs13b	P	N
Public domain	digitised animations	demo	C	19	8bs13b	p	N
Public domain	message to Amiga/ST owners	British	C	19	8bs13b	u	N
Public domain	Repton3 scfreen	r.2j3rep	C	19	8bs13b	p	N
Public domain	3 a line	square	C	19	8bs14a	A	N
Public domain	5 a side	r.5-side	C	19	8bs14a	A	N
Public domain	kickstart	kickst	r	19	8bs14a	G	N
Public domain	maple leaf rag	maplel	r	19	8bs14a	m	N
Public domain	new life	newlife	C	19	8bs14a	m	N
Public domain	ninth tune	a.ninth	C	19	8bs14a	M	N
Public domain	periodic table	pertabb	R	19	8bs14a	p	N
Public domain	system server prog	!server	E	19	8bs14a	u	N
Public domain	tech tips	showmag	r	19	8bs14a	u	N
Public domain	y80 faulty program	weird	C	19	8bs14a	u	N
Public domain	barbarian screen map	barload	R	19	8bs14b	p	n
Public domain	braille translator	braille	R	19	8bs14b	u	n
Public domain	Repton 3 cheat	rep3cht	C	19	8bs14b	c	N
Public domain	Repton3 screen	r.k1p	C	19	8bs14b	p	N
Public domain	system server man1	t.ServGd1	R	19	8bs14b	u	N
Public domain	system server man2	t.ServGd2	R	19	8bs14b	u	N
Public domain	system server man3	t.ServGd3	R	19	8bs14b	u	N
Public domain	system server man4	t.ServGd4	R	19	8bs14b	u	N
Public domain	system server man5	t.ServGd5	R	20	8bs14b	u	N
Public domain	64 colour screen	64cols	C	19	8bs15a	u	N
Public domain	adfs sector editor	adfssec	R	19	8bs15a	u	N
Public domain	cassette inlay printer	cassinp	C	19	8bs15a	u	N
Public domain	character editor program	charine	r	11	8bs15a	u	N
Public domain	locked cassette	unlock	C	19	8bs15a	u	N
Public domain	multicolour puzzle	mulcolr	C	19	8bs15a	s	N
Public domain	new address book	address	C	19	8bs15a	u	N
Public domain	timelapsed 	timelap	r	11	8bs15a	u	N
Public domain	tv tune	fuzrun	C	19	8bs15a	u	N
Public domain	view to a kill	view	C	19	8bs15a	G	N
Public domain	robocop	r.robo	C	19	8bs15b	S	N
Public domain	*cat replace	xtracat	r	19	8bs16a	u	N
Public domain	archive instuctions	t.arcins	C	19	8bs16a	u	n
Public domain	bones	bones	R	19	8bs16a	G	N
Public domain	buzz aldrian	aldload	C	19	8bs16a	G	N
Public domain	chemistry database	chemtst	C	19	8bs16a	u	N
Public domain	Dfs > adfs transfer text	t.adfstfr	C	19	8bs16a	u	N
Public domain	DFS to ADFS transfer	adfstfr	C	19	8bs16a	u	N
Public domain	formatted prog listings	formlst	C	19	8bs16a	u	n
Public domain	mastermind thought	master	C	19	8bs16a	u	N
Public domain	Music 500 waltz program	5.waltz	C	19	8bs16a	u	N
Public domain	Nite & day	niteday	C	19	8bs16a	G	N
Public domain	NlinEQ 	nlineq	C	19	8bs16a	u	N
Public domain	non linear equations text	t.nlineq	C	19	8bs16a	u	N
Public domain	repton screens	reptext	C	19	8bs16a	p	N
Public domain	tree rename utlity	t.treetxt	C	19	8bs16a	u	N
Public domain	tree rename utlity v2	tree	R	19	8bs16a	u	N
Public domain	archive utility	archive	C	19	8bs16b	u	N
Public domain	slatter	slatrun	C	19	8bs16b	G	N
Public domain	archive instructions	t.arctxt	C	19	8bs17a	u	N
Public domain	flying bird animation	birdie	C	19	8bs17a	p	N
Public domain	heart and soul	heart	C	19	8bs17a	M	N
Public domain	memory map display	memory	R	19	8bs17a	u	N
Public domain	miles per gallon	milespg	C	19	8bs17a	u	N
Public domain	polish christmas	polxmas	C	60	8bs17a	G	N
Public domain	Rom unknown	r.stop!	l	80	8bs17a	u	N
Public domain	Rom unknown	r.takeom	l	80	8bs17a	u	N
Public domain	Run-build mix	runbld	C	19	8bs17a	u	N
Public domain	search for sanity	search	C	19	8bs17a	G	N
Public domain	sound mix editor	mixed	C	19	8bs17a	u	N
Public domain	view filter utility	filter	C	19	8bs17a	u	N
Public domain	amx bf to amx converter	m.bf_amx	c	19	8bs17b	u	n
Public domain	Amx bf to pm converter	m.bf_pm	C	19	8bs17b	u	n
Public domain	catalogue saver	catsave	R	19	8bs17b	u	N
Public domain	Music 5000 christmas	5.xmastal	C	19	8bs17b	m	n
Public domain	Music 5000 christmas	5.xmasfor	c	19	8bs17b	m	n
Public domain	Repton 3 screens	r.l1lrep	R	19	8bs17b	p	n
Public domain	Rom unknown	r.8bsrom	l	80	8bs17b	u	N
Public domain	satelite havac	satlite	C	19	8bs17b	G	N
Public domain	textelfile viewer	textvw	C	19	8bs17b	u	N
Public domain	80 col 16 colour 	modedem	C	19	8bs18a	u	N
Public domain	address database	dbase	C	19	8bs18a	u	N
Public domain	adfs sector rescue	rescue	C	19	8bs18a	u	N
Public domain	assembler tutorial	ass1	C	19	8bs18a	u	N
Public domain	character set exploder	explode	r	19	8bs18a	u	N
Public domain	escape from jail	escape	r	19	8bs18a	G	N
Public domain	hadfs text	t.hadfs	C	19	8bs18a	u	N
Public domain	harston adfs system	r.hadfs	l	80	8bs18a	u	N
Public domain	prog chopper 	chopper	R	19	8bs18a	u	N
Public domain	prog joiner	joiner	r	19	8bs18a	u	n
Public domain	screen load	scrload	r	19	8bs18a	u	N
Public domain	screen save	scrsave	r	19	8bs18a	u	n
Public domain	tre rename (revised)	treeren	c	19	8bs18a	u	N
Public domain	vlist utility	vlist	r	19	8bs18a	u	N
Public domain	archiver	Arc3.0	C	19	8bs19a	u	N
Public domain	bazzasoft basic II rom	basicII	C	19	8bs19a	u	N
Public domain	catch’em prikkomani	twogame	C	19	8bs19a	G	N
Public domain	extra repton 3 screens	c.repton	R	19	8bs19a	G	n
Public domain	hash generator	hashgen	C	19	8bs19a	u	N
Public domain	mix editor user guide	mixinf	r	19	8bs19a	u	N
Public domain	O and X’s	noughts	C	19	8bs19a	S	N
Public domain	Simon	simon	C	19	8bs19a	g	N
Public domain	view ascii converter	viewasc	r	19	8bs19a	u	N
Public domain	all purpose db	intro	C	19	8bs19b	u	N
Public domain	greek learning	!loader	R	19	8bs19b	u	N
Public domain	klax game cheat	klaxhax	C	11	8bs19b	c	N
Public domain	oil rig drilling	oilrig	C	19	8bs19b	G	N
Public domain	pantheon	omcl	C	19	8bs19b	c	N
Public domain	pantheon cheat	pancht	c	19	8bs19b	c	N
Public domain	basic program protection	protart	C	19	8bs20a	S	N
Public domain	Cheats #1	cheats	r	19	8bs20a	c	N
Public domain	Cheats #2	cheats2	r	19	8bs20a	c	N
Public domain	ecg simulator instructions	ecginfo	r	19	8bs20a	u	N
Public domain	Optimising 6502 code	opt6502	C	19	8bs20a	u	N
Public domain	rom builder instructions	rominfo	r	19	8bs20a	u	N
Public domain	wordsearch creator text	wrdinfo	r	19	8bs20a	u	N
Public domain	13 amps	13amps	C	19	8bs20b	m	N
Public domain	A-level	alevel	C	19	8bs20b	m	N
Public domain	ascii unformatter	special	C	19	8bs20b	u	N
Public domain	audo data scrambler	scram	C	19	8bs20b	u	N
Public domain	bad	bad	R	19	8bs20b	m	N
Public domain	display unformatted ascii	printto	r	19	8bs20b	u	n
Public domain	Egc simulator v.3	ecgsim3	C	19	8bs20b	u	N
Public domain	power raider	power	r	19	8bs20b	G	N
Public domain	presenting poland	poland	C	19	8bs20b	G	N
Public domain	pride	pride	C	19	8bs20b	m	N
Public domain	printout corrector	subs1	r	19	8bs20b	u	N
Public domain	printout corrector generator	subsgen	c	19	8bs20b	u	N
Public domain	rom header creator	bldrom	C	19	8bs20b	u	N
Public domain	swat	swat	r	19	8bs20b	G	N
Public domain	teletext atrical printer	telprnt	c	19	8bs20b	u	N
Public domain	view to ascii converter	viewasc	r	19	8bs20b	u	N
Public domain	wordsearch creator	wrdsrch	C	19	8bs20b	u	N
Public domain	cheat finder instructions	chtfind	t	19	8bs21a	u	N
Public domain	dir lock instructions	dirinst	t	19	8bs21a	u	N
Public domain	letter head designer instructions	lettrhd	t	19	8bs21a	u	N
Public domain	sprite handler instructions	sprinst	t	19	8bs21a	u	N
Public domain	bach little prelude	litprel	C	19	8bs21b	m	N
Public domain	convert screen	scrgen	C	19	8bs21b	u	N
Public domain	create letter head	sfgen1	R	19	8bs21b	u	N
Public domain	create print file	ptodisc	C	19	8bs21b	u	N
Public domain	Dir lock	dirlock	R	19	8bs21b	u	N
Public domain	ghostbusters	Ghost-b	C	19	8bs21b	m	N
Public domain	guess the letter	ltguess	C	19	8bs21b	g	N
Public domain	jackpot	jackpot	C	19	8bs21b	G	N
Public domain	loopy loop II	craze3	C	19	8bs21b	G	N
Public domain	number converter	numconv	C	19	8bs21b	u	N
Public domain	other s.f. screen	sfgen2	C	5D	8bs21b	p	n
Public domain	presentation 1	example	C	19	8bs21b	u	n
Public domain	Presentation 2	exampl2	C	19	8bs21b	u	N
Public domain	print prepared letter head	print	C	19	8bs21b	u	N
Public domain	satellite havoc II	first	C	19	8bs21b	g	N
Public domain	airwolf	airwolf	c	19	8bs22b	m	N
Public domain	area calculator	areas	C	19	8bs22b	u	N
Public domain	big screen alien	alien	c	19	8bs22b	S	N
Public domain	boxes style screen	boxes	C	19	8bs22b	u	N
Public domain	clone source	clonsrc	C	19	8bs22b	u	N
Public domain	colour clash 	colclsh	C	19	8bs22b	u	N
Public domain	debussy little negro	litneg	C	19	8bs22b	m	N
Public domain	dfs > adfs conversion	dtoa	C	19	8bs22b	u	N
Public domain	dish drawing	dshdraw	R	19	8bs22b	p	N
Public domain	land of hope and glory	land	C	19	8bs22b	m	N
Public domain	problem	telprob	C	19	8bs22b	u	N
Public domain	promote	promote	r	19	8bs22b	G	N
Public domain	push the bale	push	c	19	8bs22b	S	N
Public domain	stairway to heaven	heaven	C	19	8bs22b	m	N
Public domain	Tile-top style screen	titltop	C	19	8bs22b	u	N
Public domain	trading simulation	trade	c	19	8bs22b	s	N
Public domain	units conversion	cnvrter	C	19	8bs22b	u	N
Public domain	viewconverter	viewcon	r	52	8bs22b	u	N
Public domain	viewconverter source	convsrc	C	19	8bs22b	u	N
Public domain	cheats text	cheats	t	11	8bs23a	c	N
Public domain	adfs menu	adfsmen	R	19	8bs23b	u	N
Public domain	basic program reader	basread	C	19	8bs23b	u	n
Public domain	calender	monthpl	C	19	8bs23b	u	n
Public domain	christmas carols from poland	m.koledy	C	19	8bs23b	G	N
Public domain	convert file to ascii	7to3	C	19	8bs23b	u	N
Public domain	disassembler	dism	C	19	8bs23b	u	N
Public domain	fancy letters and boxes	lettbox	C	19	8bs23b	p	n
Public domain	interword converter	interrd	C	19	8bs23b	u	n
Public domain	laugh	s.samp	C	19	8bs23b	u	N
Public domain	list variables	vlist	C	19	8bs23b	u	N
Public domain	presenting poland	p.poland2	R	19	8bs23b	G	N
Public domain	rolling cursor	cursor	R	19	8bs23b	u	N
Public domain	satellite picture	s.scr1	C	19	8bs23b	U	N
Public domain	short utilities	utils	C	19	8bs23b	u	N
Public domain	spirals	spiral	C	19	8bs23b	p	N
Public domain	tax and insurance	tax+ins	C	19	8bs23b	u	n
Public domain	union jack	s.U-jscr	C	19	8bs23b	p	n
Public domain	weights and measures convert	convrs2	C	19	8bs23b	u	N
Public domain	christmas wordpuzzle	puzl92	C	19	8bs24a	s	N
Public domain	12 days of xmas	12days	C	19	8bs24b	G	n
Public domain	3d demo	3ddemo	C	19	8bs24b	u	N
Public domain	3d demo (B)	3ddemos	C	12	8bs24b	u	n
Public domain	bank manager	bankman	C	19	8bs24b	u	N
Public domain	Bulk delete	bulkdel	C	19	8bs24b	u	N
Public domain	christmas cracker	cracker	R	19	8bs24b	G	n
Public domain	disk envelope creator	envcre	C	19	8bs24b	u	N
Public domain	econet tree	etree	C	19	8bs24b	u	N
Public domain	fahreneit to celsius	fahr	r	28	8bs24b	u	N
Public domain	form master	formmas	C	19	8bs24b	u	N
Public domain	graph14	graph14	C	19	8bs24b	G	n
Public domain	intellectual hangman	execute	C	19	8bs24b	G	n
Public domain	multiple accesser	accessr	C	19	8bs24b	u	N
Public domain	patience	patnce	C	19	8bs24b	G	n
Public domain	picture gallery v2	picdis3	C	19	8bs24b	p	N
Public domain	ramdisk	ramdisk	C	19	8bs24b	u	N
Public domain	repton passwords	reppass	C	19	8bs24b	u	N
Public domain	sim city cheat	simcht	C	19	8bs24b	c	n
Public domain	tokins computer dictionary	tonk	r	19	8bs25a	u	N
Public domain	all fall down	fall	R	19	8bs25b	G	N
Public domain	amx view	amxview	C	19	8bs25b	u	Y
Public domain	animation	anim	C	19	8bs25b	u	N
Public domain	basic program reader	listbas	C	19	8bs25b	u	N
Public domain	big ben	bigben	C	19	8bs25b	m	N
Public domain	catalogues	ofcats	C	19	8bs25b	u	N
Public domain	Cosine 1	trig1	C	19	8bs25b	u	n
Public domain	Cosine 2	trig2	C	19	8bs25b	u	n
Public domain	database	dbase	C	19	8bs25b	u	N
Public domain	joker	joker	C	19	8bs25b	G	N
Public domain	life	hexlife	C	19	8bs25b	S	N
Public domain	presentation 1	dirctc1	R	19	8bs25b	u	N
Public domain	presentation 2	dirctc2	C	19	8bs25b	u	N
Public domain	presentation 3	dirctc3	C	19	8bs25b	u	N
Public domain	presentation 4	dirctc4	C	19	8bs25b	u	N
Public domain	press the space bar	space	C	19	8bs25b	u	N
Public domain	sample	rh1run	C	19	8bs25b	u	n
Public domain	shapes	shapes	C	19	8bs25b	u	N
Public domain	tape backup	tcopy	C	19	8bs25b	u	N
Public domain	test revsion	selftes	R	19	8bs25b	u	N
Public domain	wordsearch creator	Pr600-2	C	19	8bs25b	u	n
Public domain	adfs textfile reader	reader	C	11	8bs26b	u	N
Public domain	arch filetypes	settype	C	19	8bs26b	u	N
Public domain	banners	Banners	C	11	8bs26b	u	N
Public domain	battleships	bships4	C	19	8bs26b	G	N
Public domain	catalogue printer	printv9	C	19	8bs26b	u	N
Public domain	Envelope editor	envedit	C	60	8bs26b	u	N
Public domain	football pools	ftblpls	C	19	8bs26b	u	N
Public domain	function key utilities	Util-fk	C	19	8bs26b	u	N
Public domain	game cheats database	A-zdisp	R	19	8bs26b	c	N
Public domain	guess who	gesswho	C	19	8bs26b	s	N
Public domain	Joker 1.10	joker	R	19	8bs26b	u	N
Public domain	mortgage calculator	mgage	C	19	8bs26b	u	N
Public domain	paras	paras4	R	19	8bs26b	G	Y
Public domain	short game	short	C	19	8bs26b	g	N
Public domain	Star commander	star	C	19	8bs26b	G	N
Public domain	wordsearch solver1	wssolv1	C	14	8bs26b	u	N
Public domain	wordsearch solver2	wssolv4	C	19	8bs26b	u	N
Public domain	zarck	zarch	C	19	8bs26b	u	N
Public domain	sound control	ofsound	C	19	8bs27a	u	N
Public domain	Supreme review	suprev	R	19	8bs27a	u	N
Public domain	can can	cancan	C	19	8bs27b	S	N
Public domain	comic strip	comicst	C	19	8bs27b	G	N
Public domain	cut	cut	C	19	8bs27b	u	N
Public domain	lightpen menu	lpenmen	C	19	8bs27b	u	N
Public domain	line no removal	lineout	C	19	8bs27b	u	N
Public domain	Music collection	warring	C	19	8bs27b	S	N
Public domain	one liner	wordprc	C	19	8bs27b	G	N
Public domain	pagemaker /clip art viewer	p.viewer	C	19	8bs27b	u	N
Public domain	paste	paste	C	19	8bs27b	u	N
Public domain	pictures	picload	C	11	8bs27b	S	N
Public domain	Presenting 1	f.step1	C	19	8bs27b	u	N
Public domain	Presenting 2	f.step2	C	19	8bs27b	u	N
Public domain	Presenting 3	f.step3	C	19	8bs27b	u	N
Public domain	Presenting 4	f.step4	C	19	8bs27b	u	N
Public domain	random in m/c	assrnd	C	19	8bs27b	u	N
Public domain	rescue the adfs E att	eoff!	C	19	8bs27b	u	N
Public domain	reviewdb	ratq	C	19	8bs27b	G	N
Public domain	sort	sort	C	19	8bs27b	u	N
Public domain	supreme	supreme	C	19	8bs27b	G	N
Public domain	test cards 	cards	C	19	8bs27b	G	N
Public domain	time tutor	time	C	19	8bs27b	S	N
Public domain	wapping editor view	w.viewer	C	19	8bs27b	u	N
Public domain	intro assembly	intrass	R	19	8bs28a	u	N
Public domain	tape backup	tback	C	19	8bs28a	u	N
Public domain	bach	bach1	C	19	8bs28b	m	Y
Public domain	disassembler	runuda	C	19	8bs28b	u	N
Public domain	electronics pictures	amxprt	C	19	8bs28b	p	N
Public domain	FTBL random numbers	FTBL	R	19	8bs28b	u	N
Public domain	mode conv and dissemble info	L1JTEXT	C	19	8bs28b	u	N
Public domain	Mode conversion	moconv	C	19	8bs28b	u	N
Public domain	one liner 2j3	cjr	C	19	8bs28b	G	Y
Public domain	one liner from l1l	1.epson	C	19	8bs28b	G	N
Public domain	patience card game	clear35	R	19	8bs28b	G	N
Public domain	Screen scan menu	altrit	R	19	8bs28b	u	N
Public domain	security lock	acccode	C	19	8bs28b	u	N
Public domain	shadow text	shadowr	C	19	8bs28b	u	Y
Public domain	tax and insurance	Tax-ins	C	19	8bs28b	u	Y
Public domain	the constrictor	conpicl	C	19	8bs28b	u	N
Public domain	dfs/adfs menu system info	gmeninf	C	19	8bs29a	u	N
Public domain	electronics part2	elec2	R	19	8bs29a	u	N
Public domain	nectar collector text	nectext	C	19	8bs29a	u	N
Public domain	prisoners dilemma text	pristxt	C	19	8bs29a	u	N
Public domain	program documentation	progdoc	C	19	8bs29a	G	Y
Public domain	4 mode 0 screens into 1	shrink	C	19	8bs29b	u	N
Public domain	8bs messaging system	sendmes	C	19	8bs29b	u	N
Public domain	8bs pictures (shrink example) 	picload	C	19	8bs29b	p	N
Public domain	adfs directory wipe 	dwsrce	C	19	8bs29b	u	N
Public domain	Archi-BBC screen transfer	stop	C	19	8bs29b	u	N
Public domain	come on kevin	marry	C	19	8bs29b	G	N
Public domain	decision maker	decisn	C	19	8bs29b	u	N
Public domain	krackout cheat	krakcht	C	19	8bs29b	c	N
Public domain	one liner adfs compact	compact	C	19	8bs29b	u	N
Public domain	oneliner	1k1	C	11	8bs29b	G	N
Public domain	presenting progs 1	f.sd1	C	19	8bs29b	u	N
Public domain	presenting progs 2	f.sd2	C	19	8bs29b	u	N
Public domain	presenting progs 3	f.sd3	C	19	8bs29b	u	N
Public domain	pricing codes	priceei	C	19	8bs29b	u	Y
Public domain	printer driver	pdrv	C	19	8bs29b	u	N
Public domain	printer driver function strip	pdrstr	R	19	8bs29b	u	N
Public domain	prisioners dilemma	prisdel	C	19	8bs29b	G	N
Public domain	sourceror’s domain cheat	stop	R	19	8bs29b	c	N
Public domain	wavey	wavey	R	19	8bs29b	G	N
Public domain	electronics part 3	elec3	C	19	8bs30a	u	N
Public domain	presenting programs 7	pres7	C	19	8bs30a	u	N
Public domain	programming suggestion	prgsugg	C	19	8bs30a	u	N
Public domain	singles db info	recinf	C	19	8bs30a	u	N
Public domain	tape to disc part 2	ttod2	C	19	8bs30a	u	N
Public domain	andrew weston menu	w.menu	C	19	8bs30b	u	N
Public domain	comic strip 2	comics2	C	19	8bs30b	u	N
Public domain	cyclo computer	cyclo	C	19	8bs30b	u	N
Public domain	minesweeper	c.mines	C	19	8bs30b	g	N
Public domain	presenting programs example	f.fillin	C	19	8bs30b	u	N
Public domain	shrink a screen demo	shrdemo	C	19	8bs30b	u	N
Public domain	Singles db	recdb1a	C	19	8bs30b	u	N
Public domain	Thunderstruck 2 cheat	th2cht	C	19	8bs30b	c	N
Public domain	user port	uportct	C	19	8bs30b	u	N
Public domain	electronics part 5	elec5	C	19	8bs32a	u	N
Public domain	presenting progs 8 text	pres8	C	19	8bs32a	S	N
Public domain	caterpillar	cater	R	19	8bs32b	G	N
Public domain	circles demo	circles	C	19	8bs32b	p	N
Public domain	computer cavern catalogue	cavern	C	19	8bs32b	u	N
Public domain	counter/freq calculator	counter	C	19	8bs32b	u	N
Public domain	octagram brain teaser	octaldr	C	19	8bs32b	s	N
Public domain	old dreams text adventure	oldream	C	19	8bs32b	a	N
Public domain	one line game	1lngame	C	19	8bs32b	G	N
Public domain	prensenting prog 8	f.input	C	19	8bs32b	u	N
Public domain	shopping	shoppin	C	19	8bs32b	u	N
Public domain	three archived utilities	Stop	C	19	8bs32b	u	N
Public domain	Vw	loader	C	19	8bs32b	p	N
Public domain	wordwrap	textfmt	C	19	8bs32b	u	N
Public domain	back to basics	basics	C	19	8bs33a	U	N
Public domain	program documentation	progdoc		19	8bs33a	u	n
Public domain	wordwise plus utils	stop	C	19	8bs33a	u	Y
Public domain	3d roller ball	3-droll	C	19	8bs33b	G	N
Public domain	8bs history part1	8bshst1	C	19	8bs33b	U	N
Public domain	8bs statistics+	statnat	C	19	8bs33b	U	N
Public domain	alex whitehead menu	white	C	19	8bs33b	u	N
Public domain	cassette db	castore	C	19	8bs33b	u	N
Public domain	crosswords	X-word	C	19	8bs33b	s	N
Public domain	electrical costs	El-cost	C	19	8bs33b	u	Y
Public domain	income and investment	money	C	19	8bs33b	A	N
Public domain	patterns	pattern	C	11	8bs33b	G	N
Public domain	patterns II	pat2	C	19	8bs33b	G	N
Public domain	patterns info	pattext	C	19	8bs33b	u	N
Public domain	rs423 receive	testrec	C	19	8bs33b	u	N
Public domain	rs423 send	testsnd	R	19	8bs33b	u	N
Public domain	sevens card game	sevensl	C	19	8bs33b	G	N
Public domain	sliding block puzzle	slide	C	19	8bs33b	G	N
Public domain	joining computers	stop	C	19	8bs34a	u	N
Public domain	pairs games	stop	C	19	8bs34a	s	N
Public domain	4.99p	4-99	c	19	8bs34b	G	n
Public domain	display file conversion	7tobas	C	19	8bs34b	u	N
Public domain	footprints	fprints	R	19	8bs34b	u	N
Public domain	german hangman	hangman	R	19	8bs34b	s	N
Public domain	hanoi	Hanoi-6	C	19	8bs34b	G	N
Public domain	Joystick 1	joydraw	R	19	8bs34b	u	N
Public domain	Joystick 2	oscope	C	3C	8bs34b	u	N
Public domain	Joystick 3	joynoyz	C	19	8bs34b	u	N
Public domain	masks	masks	C	19	8bs34b	S	N
Public domain	programming languages	lang1	C	19	8bs34b	u	N
Public domain	talk to charlie	talktoc	C	19	8bs34b	G	N
Public domain	Tax 94/95	Tax94/5	C	19	8bs34b	u	N
Public domain	title screens	carosel	E	19	8bs34b	p	N
Public domain	wavey demo	cycle	C	19	8bs34b	u	N
Public domain	wot next	wotnext	C	19	8bs34b	u	N
Public domain	an insight into programming	aiips	C	19	8bs35a	u	N
Public domain	how I became a programmer	hibacps	C	19	8bs35a	u	N
Public domain	coal man	coalman	C	19	8bs35b	G	N
Public domain	dreamscape	landdem	C	19	8bs35b	G	N
Public domain	magic eye	magic3d	C	19	8bs35b	p	N
Public domain	magic eye screen	mode4pr	R	19	8bs35b	p	N
Public domain	mandelbrots in seconds	mandrun	C	19	8bs35b	p	N
Public domain	Mode 7 editor	diatext	C	19	8bs35b	u	N
Public domain	palindromic numbers	lappy	R	19	8bs35b	u	N
Public domain	perfect numbers	perfect	C	19	8bs35b	u	N
Public domain	picture	picload	C	19	8bs35b	p	N
Public domain	prime numbers	prime	C	19	8bs35b	u	N
Public domain	sentence generator	sentslw	R	19	8bs35b	u	N
Public domain	word processors	k2oart	C	19	8bs35b	u	N
Public domain	Ascii > message file info	asc2doc	C	19	8bs36a	u	N
Public domain	europhile	stop	C	19	8bs36a	S	N
Public domain	intro1	title1	C	19	8bs36a	G	N
Public domain	intro2	title2	C	19	8bs36a	G	N
Public domain	my early days	earlydy	C	19	8bs36a	u	N
Public domain	perfect numbers	pnapns	C	19	8bs36a	u	N
Public domain	rom programming languages	romlang	C	19	8bs36a	u	N
Public domain	acii to message file	asc2mes	C	19	8bs36b	u	N
Public domain	acorn user show pic	showrun	C	19	8bs36b	p	N
Public domain	alphabet shuffle	alfshuf	R	19	8bs36b	s	N
Public domain	black and white printer dump	sdmp0ds	C	60	8bs36b	u	Y
Public domain	count dutch coins	count	C	19	8bs36b	u	N
Public domain	dalek picture	loaddal	R	19	8bs36b	p	N
Public domain	disco lights	dlight	r	19	8bs36b	G	N
Public domain	pawn picture	lopawn	R	19	8bs36b	p	Y
Public domain	pay dutch coins	pay	R	19	8bs36b	u	N
Public domain	perfect numbers 1	perft2	C	19	8bs36b	u	N
Public domain	perfect numbers 2	gperfn3	C	19	8bs36b	u	N
Public domain	pies a poem	pies	C	19	8bs36b	G	N
Public domain	shaded printer dump	sdmp0ls	C	19	8bs36b	u	Y
Public domain	sixty six game	66ib	C	19	8bs36b	G	N
Public domain	wall wally	wally	C	19	8bs36b	G	N
Public domain	bbc faults cures	bfaults	C	19	8bs37a	u	N
Public domain	fire	fire	R	19	8bs37a	G	N
Public domain	magscan conversion	scancon	C	19	8bs37a	u	Y
Public domain	my early days part 2	early2	C	19	8bs37a	u	N
Public domain	anagram answers	ananan	C	19	8bs37b	G	N
Public domain	anagrams	anashuf	C	19	8bs37b	G	Y
Public domain	art	lateart	C	19	8bs37b	p	N
Public domain	bonfire	bonfire	C	19	8bs37b	G	N
Public domain	dog maze	dogmaze	C	19	8bs37b	G	N
Public domain	find lost disk files	rescue	C	19	8bs37b	u	N
Public domain	fix a bad program	badfix	C	19	8bs37b	u	N
Public domain	hastings poem	kingyb	R	19	8bs37b	G	Y
Public domain	humour woman	woman	C	19	8bs37b	G	N
Public domain	Mandelbrot article	mandart	C	19	8bs37b	u	N
Public domain	mandelbrot picture	picld	C	19	8bs37b	p	Y
Public domain	mandelbrot program	mandel	R	19	8bs37b	p	Y
Public domain	one thousand card game	1000ldr	C	19	8bs37b	G	N
Public domain	picture by k5u	picld	C	19	8bs37b	p	N
Public domain	renumber	Re-mc	C	70	8bs37b	u	N
Public domain	world map	map	C	19	8bs37b	p	N
Public domain	bbc emulators	emulate	C	19	8bs38a	u	Y
Public domain	man	man	C	19	8bs38a	G	Y
Public domain	my early days part 3	early3	C	19	8bs38a	u	Y
Public domain	brakets expansion	brackts	R	19	8bs38b	u	N
Public domain	calender printer	yrprint	C	1B	8bs38b	u	N
Public domain	dice	dice	C	19	8bs38b	G	N
Public domain	draw screen	3ded	R	19	8bs38b	u	N
Public domain	fast dfs backup	fastbak	C	19	8bs38b	u	N
Public domain	hard drive 1	hard1	C	19	8bs38b	u	N
Public domain	hard drive 2	hard2	C	19	8bs38b	u	N
Public domain	magic eye	3deye-2	R	19	8bs38b	u	N
Public domain	magic eye screen	eyescr	C	19	8bs38b	p	N
Public domain	Magic numbers	magicnu	C	19	8bs38b	u	N
Public domain	maxiply	maxinfo	C	19	8bs38b	G	N
Public domain	mpg calculator	mpgmenu	C	19	8bs38b	u	N
Public domain	nowhere man	nowhere	C	19	8bs38b	G	N
Public domain	palindromic numbers1	palinsq	C	11	8bs38b	u	N
Public domain	palindromic numbers2	palincu	C	19	8bs38b	u	N
Public domain	Pools poem	pools	C	19	8bs38b	u	N
Public domain	printer dump	dump	C	19	8bs38b	u	N
Public domain	sumvaders	sumvade	C	19	8bs38b	u	N
Public domain	dual print	dualinf	R	19	8bs39a	u	N
Public domain	merge	merge	C	19	8bs39a	u	N
Public domain	my early days	early4	C	19	8bs39a	u	n
Public domain	my early days part 4	early4	R	19	8bs39a	u	n
Public domain	short story	story1	R	19	8bs39a	u	n
Public domain	the reactor	reactor	C	19	8bs39a	G	n
Public domain	12 days of christmas	twelve	R	19	8bs39b	m	N
Public domain	Bbc-8 manual	pmanual	C	19	8bs39b	u	N
Public domain	count with teddy	teddy	C	19	8bs39b	G	N
Public domain	dual print	Print_2	C	19	8bs39b	u	N
Public domain	lottery	lottery	R	19	8bs39b	u	N
Public domain	lottery select numbers	lottery	C	19	8bs39b	u	N
Public domain	merge	merge	C	19	8bs39b	u	N
Public domain	orbit	orbit1	C	19	8bs39b	G	N
Public domain	orbit game	orbit1	C	19	8bs39b	G	N
Public domain	Os-map	Os_map	C	19	8bs39b	u	n
Public domain	palindromic numbers	lappy2	C	19	8bs39b	u	N
Public domain	palindromic numbers	lappy2	R	19	8bs39b	u	N
Public domain	snowmen	snowmen	C	19	8bs39b	S	N
Public domain	spirograph	spiro	C	19	8bs39b	p	N
Public domain	the snowman	snowmen	C	19	8bs39b	u	N
Public domain	Bank Manager	BANKACC	C	19	8BS4a	U	N
Public domain	call costing	Phonecs	C	19	8BS4a	U	N
Public domain	File server	WOAH	C	30	8bs4a	U	N
Public domain	Info Bank manager 1	T.BankGd1	T	70	8BS4a	U	N
Public domain	Info Bank manager 2	T.BankGd2	T	19	8BS4a	U	N
Public domain	Info Bank manager 3	T.BankGd3	T	19	8BS4a	U	N
Public domain	Info Call costing 1	T.PhonGd1	T	19	8BS4a	U	N
Public domain	Info Call costing 2	T.PhonGd2	T	19	8BS4a	U	N
Public domain	Info Fileserver 1	t.ServGd1	T	19	8BS4a	U	N
Public domain	Info Fileserver 2	t.ServGd2	T	19	8BS4a	U	N
Public domain	BB  database	BBDbase	C	19	8bs4b	u	N
Public domain	Info BB  database 1	t.basegd1	T	19	8bs4b	u	N
Public domain	Info BB  database 2	t.basegd2	T	19	8bs4b	u	N
Public domain	Battleships	$.BATTLE	C	19	8BS5	S	N
Public domain	Cells & Serpents	$.SERPENT	C	19	8BS5	G	N
Public domain	ADFS BACKUP (master)	$.!MENU	C	19	8BS6	U	N
Public domain	Breakout tune	$.BREAK	C	19	8BS6	M	N
Public domain	Knight rider sound	$.GHOST	C	19	8BS6	M	N
Public domain	Laura	$.LAURA	C	19	8BS6	z	N
Public domain	Lower to Upper Case	$.UPPCASE	C	19	8BS6	U	N
Public domain	Menu program utility	$.MENUPRG	C	19	8BS6	U	N
Public domain	Mode 7 Grap Routine	$.GRAFGEN	C	19	8BS6	U	N
Public domain	Short sentence sound	$.SENT1	C	19	8BS6	M	N
Public domain	The Radio star sound	$.BUGGLE	C	19	8BS6	M	N
Public domain	Top Gun thee sound	$.TOPGUN	C	19	8BS6	M	N
Public domain	Vincent sound	$.VINCENT	C	19	8BS6	M	N
Public domain	Chip	CHIP	S	FE	8BS7	P	N
Public domain	Clown	CLOWN	S	FE	8BS7	P	N
Public domain	Cocktail	COCKTAI	S	FE	8BS7	P	N
Public domain	Coke	COKE	S	FE	8BS7	P	N
Public domain	droid3	DROID3	S	FE	8BS7	P	N
Public domain	Elite	ELITE	S	FE	8BS7	P	N
Public domain	Girl	GIRL	S	FE	8BS7	P	N
Public domain	Hancock	HANCOCK	S	FE	8BS7	P	N
Public domain	Henry	HENRY	S	FE	8BS7	P	N
Public domain	House	HOUSE	S	FE	8BS7	P	N
Public domain	Max	MAX	S	FE	8BS7	P	N
Public domain	MaxHead	MAXHEAD	S	FE	8BS7	P	N
Public domain	Mighty	MIGHTY	S	FE	8BS7	P	N
Public domain	Sandy	SANDY	S	FE	8BS7	P	N
Public domain	Sharp	SHARP	S	FE	8BS7	P	N
Public domain	Ship	SHIP	S	FE	8BS7	P	N
Public domain	Ski	SKI	S	FE	8BS7	P	N
Public domain	slide show	$.ROLLING	C	19	8BS7	P	N
Public domain	Snoopy	SNOOPY	S	FE	8BS7	P	N
Public domain	Spidey	SPIDEY	S	FE	8BS7	P	N
Public domain	Basic Envelope Printer 	$.ENVELOP	C	19	8BS8a	U	N
Public domain	Basic envelopeprinter	envelop	C	19	8bs8a	u	N
Public domain	battleships	battle	C	19	8bs8a	G	N
Public domain	Cells and Serpents	newcels	C	19	8bs8a	G	N
Public domain	character re-definition	textdef	C	19	8bs8a	u	N
Public domain	Character Redefinition	$.TEXTDEF	C	19	8BS8a	U	N
Public domain	Elite Cheat	cheat	C	19	8bs8a	C	N
Public domain	Elite cheat editor	$.Cheat	C	19	8BS8a	C	N
Public domain	figher command	fcintro	C	19	8bs8a	g	N
Public domain	Fighter command game	$.FC	C	0E	8BS8a	G	N
Public domain	globe	globe	C	19	8bs8a	p	N
Public domain	Graphical Globe screen	$.GLOBE	C	19	8BS8a	P	N
Public domain	keystrip designer	keystrp	C	19	8bs8a	u	N
Public domain	Keystrip designer/printer	$.KEYSTRP	C	19	8BS8a	U	N
Public domain	metric converter	metric	C	19	8bs8a	u	N
Public domain	Music maker	$.MUSIC	C	19	8BS8a	M	N
Public domain	musical keyboard	music	C	19	8bs8a	u	N
Public domain	New Battleship program	$.BATTLE	C	19	8BS8a	P	N
Public domain	New Cells and serpents	$.NEWCELS	C	19	8BS8a	S	N
Public domain	stopping distance	highway	C	19	8bs8a	u	N
Public domain	Stopping distances test	$.HIGHWAY	C	19	8BS8a	U	N
Public domain	Type writer	tyintro	C	19	8bs8a	u	N
Public domain	Typewiter	$.TYINTRO	C	19	8BS8a	U	N
Public domain	Virus Simulator	$.!MENU	C	19	8BS8a	U	N
Public domain	disk8 instructions	Viewdat	C	19	8bs8b	U	N
Public domain	advanced disk backup	backup	C	19	8bs9a	u	N
Public domain	City bomber	bomber	C	19	8bs9a	g	N
Public domain	faults graphic	faults	C	11	8bs9a	u	N
Public domain	ghostbusters	g.ghost	c	19	8bs9a	G	N
Public domain	inca treasure	inca	C	19	8bs9a	A	N
Public domain	info informat rom image	t.informi	s	FC	8bs9a	U	N
Public domain	Info letterhead designer	t.lettins	s	FC	8bs9a	U	N
Public domain	Info Speech fiddle	t.speechi	s	FC	8bs9a	u	N
Public domain	Info Systems hardcopy	t.hardinf	s	FC	8bs9a	U	N
Public domain	informat rom image	R.inform	L	80	8bs9a	u	N
Public domain	letterhead designer	letter	C	19	8bs9a	u	N
Public domain	lost your marbles	marbles	C	19	8bs9a	g	N
Public domain	notepad	r.notepad	l	80	8bs9a	u	N
Public domain	Speech fiddle	speechf	C	19	8bs9a	u	N
Public domain	SWRload and notepad	swrload	L	19	8bs9a	u	N
Public domain	Systems hardcopy utility	hard	C	11	8bs9a	u	N
Public domain	Tape to ADFS	t>adfs	R	19	8bs9a	u	N
Public domain	tape to DFS	t>dfs	C	19	8bs9a	u	N
Public domain	test cards	tcintro	R	19	8bs9a	u	N
Public domain	info view spellchecker	spelins	S	FC	8bs9b	u	N
Public domain	view spellchecker	Spell	C	11	8bs9b	u	N
Public domain	night music	m.tlnm-b	c	19	mozart	m	N
Public domain	rondo alla turca	m.rondo	C	1D	mozart	M	N
Public domain	symphony no 40	m.gminor	C	19	mozart	m	N
Public domain	themes from operas	m.opera	C	19	mozart	m	N
Public domain	The reactor	reactor	R	19	8bs40a	g	n
Public domain	Help!	help1	r	19	8bs40a	u	n
Public domain	Spreadsheet 	Sc_exe	c	19	8bs40b	u	n
Public domain	magic eye	type3d	c	19	8bs40b	u	n
Public domain	m/c relocation	change	c	19	8bs40b	u	n
Public domain	file splitter	split	c	19	8bs40b	u	n
Public domain	file joiner	join	c	19	8bs40b	u	n
Public domain	combinations	combi	c	19	8bs40b	u	n
Public domain	address overlay	address	c	19	8bs40b	u	n
Public domain	ugly	ugly	c	19	8bs40b	u	n
Public domain	lottery nos3	lotter3	c	19	8bs40b	u	n
Public domain	nat lottery	natlot4	c	19	8bs40b	u	n
Public domain	dominoes	doms	c	19	8bs40b	u	n
Public domain	view utility	stop	c	19	8bs41b	u	n
Public domain	word proc	pdrv	c	19	8bs41b	u	n
Public domain	Bbc-pc convert	convert	c	19	8bs41b	u	n
Public domain	Arc /dearch	Arch_de	c	19	8bs41b	u	n
Public domain	printer driver	progprt	c	19	8bs41b	u	n
Public domain	random nos	unifval	c	19	8bs41b	u	n
Public domain	prog lesson	modlot3	L	19	8bs41b	u	n
Public domain	eighteen	8teen	c	19	8bs41b	u	n
Public domain	gfx demo	gfxload	c	19	8bs41b	u	n
Public domain	flowers poem	flowers	c	19	8bs41b	u	n
Public domain	pilar	pilar	c	19	8bs41b	u	n
Public domain	gfx fonts	screen2	s	FE	8bs41b	p	N
Public domain	ELECTRON	ELECTRO	s	FC	8BS42A	U	N
Public domain	PROG IN C PT1	HOWTOC1	s	FC	8BS42B	U	N
Public domain	PROG IN C PT2	HOWTOC2	s	FC	8BS42B	U	N
Public domain	PROG IN C PT3	HOWTOC3	s	FC	8BS42B	U	N
Public domain	PROG IN C PT4	HOWTOC4	s	FC	8BS42B	U	N
Public domain	OS MAP 2	OSMAP2	c	19	8BS42B	U	N
Public domain	Arc /dearch	Arch_de	c	19	8BS42B	U	N
Public domain	GETUP POEM	GETUP	c	19	8BS42B	G	N
Public domain	ANAGRAM	9LETANA	C	19	8BS42B	S	N
Public domain	DIALECT POEM	DIALECT	L	19	8BS43B	U	N
Public domain	humour	HUMOUR	s	FC	8BS43B	U	N
Public domain	TEXT FILE READER	scroll	C	19	8BS43A	U	N
Public domain	SOLIDISK INIT	STARTTD	C	19	8BS43B	U	N
Public domain	PIC SHOW	SHOWPIC	L	19	8BS43B	P	N
Public domain	union jack	UNIONJ	C	19	8BS43B	P	N
Public domain	DESTINY 	DESTINY	C	19	8BS43B	C	N
Public domain	GHOULS	GHOULS	C	19	8BS43B	C	N
Public domain	POSTIE	POSTIE2	C	19	8BS43B	G	N
Public domain	20 FOUR	20FOUR	C	19	8BS43B	G	N
Public domain	MATCH IT	MATCHIT	C	19	8BS43B	G	N
