Disk user	*close command	$.CL.SRC	C	19	DU7	U	N	X
Disk user	3-D Graphics	$.GRPHBSC	C	19	DU11	U	N	Q
Disk user	A.C.E	$.EDITOR	C	19	DU9	U	N	R
Disk user	A.I Investigated	$.EXPERT2	C	19	DU9	U	N	N
Disk user	Alpabet animation	$.MENU	C	19	DU15	P	N	D
Disk user	Anchor Demonstration	$.ANCHDEM	C	19	DU8	U	N	X
Disk user	Animation	$.ALFABET	C	19	DU12	P	N	X
Disk user	Animation	ALFABET	C	19	DU13	P	N	[
Disk user	Animation	$.ALFABET	C	19	DU14	P	N	]
Disk user	Animation auto Sequencer	$.Auto	C	19	DU10	U	N	Z
Disk user	Animations Menu	$.COLLECT	C	19	DU8	P	N	R
Disk user	Ants!	$.LOADER	C	19	DU2	G	N	O
Disk user	Ape	$.APE	C	19	DU13	U	N	Z
Disk user	Arkanoid Cheat	$.List1	C	19	DU5	C	N	N
Disk user	Assembler course	$.HEXFND1	C	19	DU9	U	N	M
Disk user	Auto BASIC	$.AUTOBAS	C	19	DU8	U	N	W
Disk user	Auto index	$.CAT	C	19	DU1	U	N	U
Disk user	Auto index Utilities	$.UTILS	C	19	DU2	U	N	C
Disk user	Autosave	$.AUTOSAV	C	19	DU3	U	N	W
Disk user	Background Printer	$.BACK-PR	C	19	DU7	U	N	Z
Disk user	Barmy Butterflies	$.BMENU	C	19	DU1	G	N	V
Disk user	BASIC 1 Equates	$.EQUATES	C	19	DU9	U	N	Q
Disk user	BASIC 1 Hipage	$.HIPAGE2	C	19	DU9	U	N	K
Disk user	Better backup	$.BETTER	R	19	DU12	U	N	W
Disk user	Blobber	$.BLOBBER	C	15	DU6	U	N	X
Disk user	Blobber to Elk Converter	$.BtoE	C	40	DU8	U	N	V
Disk user	Blockade	$.BLOCK	C	19	DU4	S	N	T
Disk user	Break Message	$.BRKMESS	C	25	DU3	U	N	V
Disk user	Cal form	$.CALFORM	C	19	DU13	U	N	Y
Disk user	Calculator	$.CALC1	C	19	DU3	U	N	T
Disk user	Character Editor	$.CHEDIT	C	19	DU5	U	N	S
Disk user	Cholo game file editor cheat	$.DISCLST	C	21	DU3	C	N	N
Disk user	Clock	$.CLOCK	C	19	DU12	U	N	U
Disk user	Collectors Item	$.ALFABET	C	19	DU11	P	N	Y
Disk user	Collectors items G	P.RUNG	C	19	DU6	P	N	F
Disk user	Collectors items Menu	$.Collect	C	19	DU9	U	N	V
Disk user	Count with Teddy	$.TEDDY	C	24	DU3	U	N	C
Disk user	Cube of Zoth	$.ZOTH	C	19	DU1	G	N	B
Disk user	Direct Disk Titler	$.PROGRM2	C	19	DU2	U	N	L
Disk user	Disk Examiner	$.DEX	C	19	DU1	U	N	R
Disk user	Disk overlay Techniques	$.OVERLAY	C	19	DU5	U	N	H
Disk user	Disk repair	$.REPAIR	C	19	DU4	U	N	G
Disk user	Disk sector display	$.PROGRM2	C	19	DU2	U	N	L
Disk user	Disk sector Editor	$.DISCZAP	C	19	DU2	U	N	Q
Disk user	Disk user1	$.MENU	C	19	DU1	U	N	I
Disk user	Disk user10	$.DUMENU	C	19	DU10	U	N	U
Disk user	Disk user11	$.DUMENU	C	19	DU11	U	N	T
Disk user	Disk user12	$.DUMENU	C	19	DU12	U	N	N
Disk user	Disk user13	$.DUMENU	C	19	DU13	U	N	P
Disk user	Disk User14	$.DUMENU	C	19	DU14	U	N	J
Disk user	Disk user15	$.MENU	C	19	DU15	U	N	D
Disk user	Disk user2	$.MENU	C	19	DU2	U	N	N
Disk user	Disk user3	$.MENU	C	19	DU3	U	N	K
Disk user	Disk user4	$.MENU	C	19	DU4	U	N	N
Disk user	Disk user5	$.menu	C	19	DU5	U	N	I
Disk user	Disk user6	$.menu	C	19	DU6	U	N	M
Disk user	Disk user7	$.DUMENU	C	19	DU7	U	N	T
Disk user	Disk user8	$.DUMENU	C	19	DU8	U	N	P
Disk user	Disk user9	$.DUMENU	C	19	DU9	U	N	T
Disk user	Doc dumper	$.DOCDUMP	C	19	DU12	U	N	O
Disk user	Dual Catalogue	DUALCAT	C	20	DU3	U	N	M
Disk user	Dynamic doodles	B.PATTERN	C	19	DU11	P	N	X
Disk user	Easy poke	$.FLOPLST	C	19	DU8	U	N	L
Disk user	Ecrivez	$.ECRIVEZ	C	19	DU13	U	N	O
Disk user	Expert examiner	$.DISC	C	11	DU2	U	N	S
Disk user	Extended disk editor	$.EDISK	C	19	DU8	U	N	O
Disk user	Extended editing	$.Editing	C	19	DU11	U	N	S
Disk user	Eye Catcher	$.HEADER	C	19	DU2	U	N	P
Disk user	Fastlife	$.Fastlif	C	19	DU10	U	N	R
Disk user	Find and replace	S.FandR	C	19	DU5	U	N	P
Disk user	Flash Fonts	$.COMPRES	C	19	DU9	U	N	U
Disk user	Floating point 3d graphics	$.GRMENU	C	19	DU4	U	N	O
Disk user	Football Fortunes Demo	$.DEMO	R	11	DU6	S	N	T
Disk user	Function Keys	$.DLI	C	19	DU12	U	N	P
Disk user	Genie Junior demo	$.DEMO	R	19	DU7	U	N	V
Disk user	Graphic utility	$.GRAPHIC	R	19	DU14	U	N	W
Disk user	Graphics from BASIC	$.ELPTUT	C	19	DU6	U	N	R
Disk user	Grey Screen Background	$.GREYSCR	C	19	DU7	U	N	P
Disk user	Hit game demo	$.ADEMO	C	19	DU7	U	N	\
Disk user	Hot Key	+.INSNTOS	C	19	DU6	U	N	P
Disk user	Interactive Teach-in	$.TEACHIN	C	19	DU4	U	N	B
Disk user	Karate Kid	$.MASTER	C	19	DU1	G	N	K
Disk user	Line Compactor	$.LINCOMA	C	16	DU3	U	N	L
Disk user	Magic Wall	$.Wall	C	19	DU5	U	N	A
Disk user	Martian Nim	$.MARTIAN	C	19	DU6	G	N	N
Disk user	Marvellous Mandelbrots	$.Mandel	C	19	DU11	P	N	K
Disk user	Master word	M.WORD	C	19	DU13	U	N	G
Disk user	Memory lister	$.memlist	C	19	DU9	U	N	F
Disk user	Message Machine	$.Message	C	19	DU12	U	N	G
Disk user	MODE 8	$.M8SO	C	19	DU13	U	N	K
Disk user	Multicoloured mode	$.MULMODE	C	19	DU7	U	N	K
Disk user	Multitasking music	$.Multask	C	12	DU9	U	N	E
Disk user	Music Editor	$.MUSICLD	C	19	DU13	U	N	H
Disk user	Music Tutor	$.MUSIC	C	19	DU4	U	N	M
Disk user	New animation menu	$.ALFABET	C	19	DU10	P	N	[
Disk user	NLQ printer driver demo	$.NLQPrn	C	19	DU8	U	N	G
Disk user	Number Resequencer	B.RES	C	19	DU4	U	N	E
Disk user	ohio	$.OHIO	C	19	DU12	U	N	F
Disk user	Orcrest	$.ORCLD	C	19	DU9	U	N	D
Disk user	Orlond's meanies	$.ORLONDS	C	19	DU10	G	N	I
Disk user	Painting the town	$.cut	C	19	DU6	P	N	U
Disk user	Percentages	$.Percent	C	19	DU13	U	N	E
Disk user	Picture A is for 	P.RUNALPH	C	19	DU1	P	N	F
Disk user	Picture B is for	P.RUNB	C	19	DU2	P	N	I
Disk user	Picture C is for	P.RUNC	C	19	DU2	P	N	H
Disk user	picture D is for	P.RUND	C	19	DU3	P	N	G
Disk user	Picture E is for	P.RUNE	C	19	DU4	P	N	C
Disk user	Picture F is for	P.RUNf	C	19	DU5	P	N	F
Disk user	Pixel Perfect	$.PIXEL1	C	19	DU6	U	N	L
Disk user	Plotter	$.Plotter	C	19	DU11	U	N	I
Disk user	Procedure Library	$.ADDLD	C	19	DU7	U	N	^
Disk user	Psychebrot	$.PSYDOC	C	19	DU6	U	N	I
Disk user	Pulsating colour	$.PULSATE	C	19	DU7	U	N	I
Disk user	Quare	$.QUARE	C	19	DU13	U	N	C
Disk user	Quest	$.quest	C	19	DU14	S	N	Q
Disk user	Quick copy	$.QUICK	R	23	DU3	U	N	I
Disk user	Quickstep Demo	$.SAMPL2	C	19	DU5	U	N	E
Disk user	RACS	$.RACSLD	C	19	DU12	U	N	D
Disk user	Ravenskull Map	$.MAP	C	11	DU5	P	N	J
Disk user	Recover	$.RECOVER	C	19	DU2	U	N	K
Disk user	Repton Screen mapper	$.REPMAP	C	19	DU4	P	N	F
Disk user	Reverse Table	$.TABLE	C	19	DU13	S	N	B
Disk user	Rumble	$.RUMBLE	C	19	DU14	G	N	F
Disk user	Save your Bacon!	$.Bacon	C	19	DU5	U	N	Y
Disk user	Screen compacter	B.COMP	C	19	DU4	U	N	R
Disk user	sealion	$.LION1	C	19	DU14	G	N	K
Disk user	Selective Copy	$.SCOPY	R	19	DU2	U	N	F
Disk user	Shrinker	$.SHRNKaA	C	16	DU3	U	N	F
Disk user	Silk screen	$.PICSHOW	C	19	DU13	U	N	D
Disk user	Slick screen clear	$.SCRNASS	C	19	DU10	U	N	F
Disk user	Slomo demon	$.DEMO	C	19	DU14	U	N	D
Disk user	Slomotion	$.SLOMO	C	19	DU14	U	N	E
Disk user	Software manager	$.SOFTMAN	C	19	DU2	U	N	D
Disk user	Spash	$.Splash	C	19	DU11	P	N	F
Disk user	Spironet	$.SPIROLD	C	19	DU12	U	N	C
Disk user	Spocks auto menu	$.Spock	C	19	DU5	U	N	C
Disk user	Star Scroller	$.STARS	C	19	DU11	U	N	E
Disk user	Super Life	$.LIFE	C	19	DU8	U	N	K
Disk user	Superbox Wordperfect	$.WPFCT	R	19	DU2	U	N	A
Disk user	Superfont	$.FONTLD	C	19	DU7	U	N	R
Disk user	System Wadgebury	$.SYSLD	C	19	DU7	U	N	C
Disk user	T-shape to ASCII	$.CONVERT	C	19	DU12	U	N	R
Disk user	Tazman	$.TAZMAN	C	22	DU3	U	N	D
Disk user	Teled	$.TELED	C	19	DU11	U	N	C
Disk user	Text shape	T.!BOOT	R	19	DU10	U	N	E
Disk user	The Ikon system	$.IKONLD	C	19	DU11	U	N	O
Disk user	Theme music	$.LOADER	C	19	DU12	M	N	I
Disk user	Thrust Cheat	$.LIST3	C	19	DU5	C	N	M
Disk user	Tracer	$.TRACELD	C	19	DU8	U	N	B
Disk user	View-superfont Adjuster	$.Adjust	C	19	DU10	U	N	\
Disk user	Wave pattern	B.WAVE	C	19	DU11	P	N	W
Disk user	Wordbox	$.WORDBOX	C	19	DU2	U	N	B
