Repton infinity lvl	final challenge?	g.traka	S	f4	RepIlvl1	g	n
Repton infinity lvl	jagga’s revenge	g.trakb	S	f4	RepIlvl1	g	n
Repton infinity lvl	bobbo the clearout	g.bobbo	S	f4	RepIlvl2	g	n
Repton infinity lvl	rep and the fireflies	g.repbone	S	f4	RepIlvl2	g	n
Repton infinity lvl	Rep dash land A	g.dasha2d	S	f4	RepIlvl3	g	n
Repton infinity lvl	Rep dash land E	g.dashe2h	S	f4	RepIlvl3	g	n
Repton infinity lvl	Rep dash land I	g.dashi2l	S	f4	RepIlvl3	g	n
Repton infinity lvl	Rep dash land M	g.dashm2p	S	f4	RepIlvl3	g	n
Repton infinity lvl	Duke nukem	g.duke1	S	f4	RepIlvl3	g	n
Repton infinity lvl	Fruit collector	g.fruit	S	f4	RepIlvl2	g	n
Repton infinity lvl	Repton goes footballing	g.futball	S	f4	RepIlvl2	g	n
Repton infinity lvl	Repton doing garden	g.garden	S	f4	RepIlvl2	g	n
Repton infinity lvl	martins mapz	g.martin	S	f4	RepIlvl2	g	n
Repton infinity lvl	Repton in the mine	g.miner	S	f4	RepIlvl2	g	n
Repton infinity lvl	Pipe mania 2	g.pipe1	S	f4	RepIlvl3	g	n
Repton infinity lvl	Pipe mania 2	g.pipe2	S	f4	RepIlvl3	g	n
Repton infinity lvl	Repton 5	G.rep5	S	f4	RepIlvl2	g	n
Repton infinity lvl	the sequel to..	g.rep53	S	f4	RepIlvl2	g	n
Repton infinity lvl	repton3 take2	g.rep3a	S	f4	RepIlvl1	g	n
Repton infinity lvl	The final repton 3	g.rep3b	S	f4	RepIlvl1	g	n
Repton infinity lvl	Repton4 a new beginning	g.rep4a	S	f4	RepIlvl1	g	n
Repton infinity lvl	repton4 pt2	g.rep4b	S	f4	RepIlvl1	g	n
Repton infinity lvl	United football	g.repball	S	f4	RepIlvl2	g	n
Repton infinity lvl	rep and the fireflies	g.repdash	S	f4	RepIlvl2	g	n
Repton infinity lvl	Repton3 overhead	g.repover	S	f4	RepIlvl2	g	n
Repton infinity lvl	pushed around	g.reppush	S	f4	RepIlvl2	g	n
Repton infinity lvl	no stopping him	g.repr	S	f4	RepIlvl2	g	n
Repton infinity lvl	Surrounded	g.reptrap	S	f4	RepIlvl2	g	n
Repton infinity lvl	bad weather	g.repwet	S	f4	RepIlvl2	g	n
Repton infinity lvl	robbo pt1	g.robboa	S	f4	RepIlvl1	g	n
Repton infinity lvl	return of robbo	g.robbob	S	f4	RepIlvl1	g	n
Repton infinity lvl	Pacman infinity	g.rpac	S	f4	RepIlvl2	g	n
Repton infinity lvl	SOKOBAN 1	g.soko001	S	f4	RepIlvl3	g	n
Repton infinity lvl	SOKOBAN 2	g.soko002	S	f4	RepIlvl3	g	n
Repton infinity lvl	SOKOBAN 3	G.soko003	S	f4	RepIlvl3	g	n
Repton infinity lvl	SOKOBAN 4	G.soko004	S	f4	RepIlvl3	g	n
Repton infinity lvl	SOKOBAN 5	G.soko005	S	f4	RepIlvl3	g	n
Repton infinity lvl	SOKOBAN 6	G.soko006	S	f4	RepIlvl3	g	n
Repton infinity lvl	SOKOBAN 7	G.soko007	S	f4	RepIlvl3	g	n
Repton infinity lvl	SOKOBAN 8	G.soko008	S	f4	RepIlvl3	g	n
Repton infinity lvl	SOKOBAN 9	G.soko009	S	f4	RepIlvl3	g	n
Repton infinity lvl	SOKOBAN 10	G.soko010	S	f4	RepIlvl3	g	n
Repton infinity lvl	SOKOBAN 11	G.soko011	S	f4	RepIlvl3	g	n
Repton infinity lvl	SOKOBAN 12	G.soko012	S	f4	RepIlvl3	g	n
Repton infinity lvl	SOKOBAN 13	G.soko013	S	f4	RepIlvl3	g	n
Repton infinity lvl	trakkers back	g.trak	S	f4	RepIlvl2	g	n
Repton infinity lvl	Wadgebury	g.wingle1	S	f4	RepIlvl3	g	n
Repton infinity lvl	Repwiz	g.wiz	S	f4	RepIlvl2	g	n
Repton infinity lvl	wotsit thingy	g.wotsit	S	f4	RepIlvl2	g	n
Public domain	passwords 	passwds	S	FC	Rep3lvl1	g	n
Repton3 Lvl	Topd	topd	s	f6	Rep3lvl1	g	n
Repton3 Lvl	2j3rep	r.2j3rep	s	f6	Rep3lvl1	g	n
Repton3 Lvl	Blog	r.blog	s	f6	Rep3lvl1	g	n
Repton3 Lvl	k1p	r.k1p	s	f6	Rep3lvl1	g	n
Repton3 Lvl	Trog	r.trog	s	f6	Rep3lvl1	g	n
Repton3 Lvl	trog2	r.trog2	s	f6	Rep3lvl1	g	n
Repton3 Lvl	upaka	upaka	s	f6	Rep3lvl1	g	n
Repton3 Lvl	Christmas	christm	s	f6	Rep3lvl1	g	n
Repton3 Lvl	Camping	camping	s	f6	Rep3lvl1	g	n
Repton3 Lvl	Birthday	Birthda	s	f6	Rep3lvl1	g	n
Repton3 Lvl	Driving	driving	s	f6	Rep3lvl1	g	n
Repton3 Lvl	18+ joke	joke	s	f6	Rep3lvl1	g	n
Repton3 Lvl	junior	junior	s	f6	Rep3lvl1	g	n
Repton3 Lvl	r&d	r+d	s	f6	Rep3lvl1	g	n
Repton3 Lvl	osmi	osmi	s	f6	Rep3lvl1	g	n
Repton3 Lvl	L1lrep	L1lrep	s	f6	Rep3lvl1	g	n
Repton3 Lvl	L1l	L1l	s	f6	Rep3lvl1	g	n
Repton3 Lvl	topd2	topd2	s	f6	Rep3lvl1	g	n
Repton3 Lvl	topd3	topd3	s	f6	Rep3lvl1	g	n
Repton3 Lvl	3	03	s	f6	Rep3lvl2	g	n
Repton3 Lvl	Agony	Agony	s	f6	Rep3lvl2	g	n
Repton3 Lvl	Easy	Easy	s	f6	Rep3lvl2	g	n
Repton3 Lvl	Einar	Einar	s	f6	Rep3lvl2	g	n
Repton3 Lvl	farmdat	farmdat	s	f6	Rep3lvl2	g	n
Repton3 Lvl	Julie2	Julie2	s	f6	Rep3lvl2	g	n
Repton3 Lvl	london	london	s	f6	Rep3lvl2	g	n
Repton3 Lvl	Macho	Macho	s	f6	Rep3lvl2	g	n
Repton3 Lvl	mscreen	mscreen	s	f6	Rep3lvl2	g	n
Repton3 Lvl	pain	pain	s	f6	Rep3lvl2	g	n
Repton3 Lvl	rep01	rep01	s	f6	Rep3lvl2	g	n
Repton3 Lvl	rep17	rep17	s	f6	Rep3lvl2	g	n
Repton3 Lvl	rovers	rovers	s	f6	Rep3lvl2	g	n
Repton3 Lvl	set1	set1	s	f6	Rep3lvl2	g	n
Repton3 Lvl	Steven	Steven	s	f6	Rep3lvl2	g	n
Repton3 Lvl	yj2rep	yj2rep	s	f6	Rep3lvl2	g	n
Repton3 Lvl	Julie	Julie	s	f6	Rep3lvl2	g	n
Repton3 Lvl	Now2	now2	s	f6	Rep3lvl2	g	n
Repton3 Lvl	art1	art1	s	f6	Rep3lvl3	g	n
Repton3 Lvl	danger	danger	s	f6	Rep3lvl3	g	n
Repton3 Lvl	dollar	dollar	s	f6	Rep3lvl3	g	n
Repton3 Lvl	earth	earth	s	f6	Rep3lvl3	g	n
Repton3 Lvl	ex	ex	s	f6	Rep3lvl3	g	n
Repton3 Lvl	footer2	footer2	s	f6	Rep3lvl3	g	n
Repton3 Lvl	footers	footers	s	f6	Rep3lvl3	g	n
Repton3 Lvl	moon	moon	s	f6	Rep3lvl3	g	n
Repton3 Lvl	rep	rep	s	f6	Rep3lvl3	g	n
Repton3 Lvl	18+ rude	rude	s	f6	Rep3lvl3	g	n
Repton3 Lvl	thcats	thcats	s	f6	Rep3lvl3	g	n
Repton3 Lvl	the	the	s	f6	Rep3lvl3	g	n
Repton3 Lvl	Club	theclub	s	f6	Rep3lvl3	g	n
Repton3 Lvl	Chris2	Chris2	s	f6	Rep3lvl3	g	n
Repton3 Lvl	Ghost	Ghost	s	f6	Rep3lvl3	g	n
Repton3 Lvl	leeds	leeds	s	f6	Rep3lvl3	g	n
Repton3 Lvl	sj1	sj1	s	f6	Rep3lvl3	g	n
Repton3 Lvl	war	war	s	f6	Rep3lvl3	g	n
Repton3 Lvl	xmas	xmas	s	f6	Rep3lvl3	g	n
Repton3 Lvl	Soccer	Soccer	s	f6	Rep3lvl3	g	n
Repton3 Lvl	rosmi	rosmi	s	f6	Rep3lvl4	g	n
Repton3 Lvl	dad1	dad1	s	f6	Rep3lvl4	g	n
Repton3 Lvl	screen1	screen1	s	f6	Rep3lvl4	g	n
Repton3 Lvl	chris1	chris1	s	f6	Rep3lvl4	g	n
