Adventuresoft	1 ADVENTURELAND	ADVENT1	R	19	AS1-r1-0	A	N	L
Adventuresoft	10 SAVAGE ISLAND PART 1	SISL1-2	R	19	AS1-r1-0	A	N	C
Adventuresoft	11 SAVAGE ISLAND PART 2	SISL2-2	R	19	AS1-r1-0	A	N	B
Adventuresoft	12 GOLDEN VOYAGE	GOLDEN1	R	19	AS1-r1-1	A	N	J
Adventuresoft	13 SORCEROR OF CLAYMORGUE	SORCER1	R	19	AS1-r1-1	A	N	I
Adventuresoft	15 BUCKAROO BANZAI	BUCK	R	19	AS1-r1-1	A	N	H
A&F	180 DARTS	180	C	19	A1-r1-0	G	N	L
Incentive	1984	1984	C	19	I1-r1-0	G	N	L
Adventuresoft	2 PIRATE	PIRATE1	R	19	AS1-r1-0	A	N	K
Superior	2002	LOADER	C	19	SU10-r1-1	G	N	A
Adventuresoft	3 SECRET MISSION	SECRET1	R	19	AS1-r1-0	A	N	J
Software Invasion	3D BOMB ALLEY	BOMB	C	19	SI1-r1-0	G	Y	[
Doctor Soft	3D CONVOY	CONVOY	C	19	D1-r1-1	G	N	^
Blue Ribbon	3D DOTTY	DOTTY	C	19	BR2-r1-0	G	N	C
Software Invasion	3D GRAND PRIX	3D-GP1	C	19	SI1-r1-0	G	N	W
IJK	3D MAZE	3DMAZE	C	19	IJ1-r1-0	G	N	^
Blue Ribbon	3D MUNCHY	MUNPT1	C	30	BR1-r1-0	G	N	[
MRM	3D MUNCHY	3DMUNCH	C	19	MR1-r1-0	G	N	\
Firebird	3D POOL	3DPOOL	C	19	FB1-r1-1	S	N	V
Players	3D SNOOKER	3DSNKRL	C	70	PQ2-r1-0	S	N	A
Alligata	3D SPACE RAIDER	R2	C	19	AG1-r1-0	G	N	^
Microbyte	3D SPACE RANGER	RANGER	C	19	M1-r1-1	G	N	N
Dynabyte	3D TANK ZONE	TANK	C	19	D2-r1-1	G	N	R
DK Tronics	3D TANX	3DTLOAD	C	11	D1-r1-0	G	N	D
Aardvark	3D WARS DEMO	3D-WARS	C	19	A1-r1-0	G	N	Z
Postern	3DEEP SPACE	3DEEPS1	C	19	PQ3-r1-0	G	N	^
Adventuresoft	4 VOODOO CASTLE	VOODOO1	R	19	AS1-r1-0	A	N	I
Softek	5 STONES OF ANADON	ANADON	C	11	S1-r1-0		N	O
Adventuresoft	5 THE COUNT	COUNT1	R	19	AS1-r1-0	A	N	H
Adventuresoft	6 STRANGE ODYSSEY	STRODY1	R	19	AS1-r1-0	A	N	G
Adventuresoft	7 MYSTERY FUNHOUSE	MYSTER1	R	19	AS1-r1-0	A	N	F
Salamander	737 FLIGHT SIMULATOR	FS7371	C	60	S3-r1-1	S	N	Z
Doctor Soft	747	747	C	70	D1-r1-1	G	N	]
DACC	747 FLIGHT SIM	DACC747	C	19	D1-r1-1	S	N	A
Adventuresoft	8 PYRAMID OF DOOM	PYDOOM1	R	19	AS1-r1-0	A	N	E
Database	9 CARD & BOARD NO 1	ZZB8302	C	19	DB2-r1-0	S	N	P
Database	9 CARD & BOARD NO 2	ZZB8302	C	19	DB2-r1-1	S	N	F
Adventuresoft	9 GHOST TOWN	GHOST1	R	19	AS1-r1-0	A	N	D
Opus	A MAZE IN SPACE	SPMAZE	C	19	NO1-r1-1	G	N	G
Superior	A QUESTION OF SPORT	QOFS	C	19	SU13-r1-0	S	N	B
Clemoes	AABATRON	LOADER	C	11	C1-r1-1	G	N	B
W-Games	ABOMINABLE SNOWMEN	SNOWMEN	C	11	WZ1-r1-1	G	N	K
Cases	ABYSS	ABYSS	C	19	C1-r1-0	G	N	_
Acornsoft	ACHETON	ACHETON	C	19	AC4-r1-1	G	Y	I
Firebird	ACID DROPS	ACID	C	23	FB1-r1-1	G	N	A
CSL	ACORN ADVENTURE	ACORNAD	C	19	C2-r2-1	A	N	G
Micro Power	ADVENTURE	ADVENTR	C	19	MI3-r1-1	A	N	L
Database	ADVENTURE ANTHOLOGY	MENU	C	11	DB1-r1-1	A	N	Q
Level 9	ADVENTURE QUEST	ADLOAD	C	19	LV1-r1-0	A	N	E
Logotron	ADVENTURE WRITER	ADVMENU	C	19	LGADW-r1-0	A	N	C
A&B	ADVENTURESCAPE ADVENTURES	MENU	C	19	AB1-r1-0	A	N	B
A&B	ADVENTURESCAPE GENERATOR	MENU	C	19	AB2-r1-0	A	N	M
A&B	ADVENTURESOFT ADVENTURES	MENU	C	19	AB1-r1-1	A	N	I
Microdeal	AIR TRAFFIC CONTROL	ATCSIM	C	19	M1-r1-1	S	N	H
Superior	AIRLIFT	AIRLIFT	C	19	SU1-r1-0	G	N	S
Cases	AIRLINE	AIRLINE	C	19	C1-r1-0	G	N	\
Elite	AIRWOLF	WOLF1	R	19	E1-r1-1	G	N	P
SW Lucas	ALADDIN	ALADIN1	C	19	AD1-r1-0		N	]
Ultimate	ALIEN 8	ALIEN-8	C	19	U1-r1-0		N	W
Romik	ALIEN BREAK-IN	A-B-IN	C	19	R1-r1-1	G	N	I
Micro Power	ALIEN DESTROYERS	ALIEND	C	19	MI2-r1-0	G	N	X
Micro Power	ALIEN DESTROYERS 2	ALIEN	C	19	MI2-r1-0	G	N	V
Superior	ALIEN DROPOUT	DROPOUT	C	19	SU11-r1-1	G	N	]
Incentive	ALIEN FROM OUTTA SPACE	ALNS	R	19	I1-r1-1	G	N	G
Micro Power	ALIEN SWIRL	AS1	C	19	MI2-r1-0	G	N	U
Software Invasion	ALPHA CENTAURI	ALPHA	C	19	SI1-r1-0	G	Y	T
Tynesoft	ALPHATRON	ALPLOAD	C	19	TY1-r1-0	G	N	U
Riverdale	AMERICAN SUDS	CHOOSE	C	19	R1-r1-1	G	N	J
selfpub	AMIDAR	AMIDAR	C	19	VA1-r1-0	G	N	^
A&B	AMNESIA & XANADU	!START	C	19	AB2-r1-1	G	N	D
Atlantis	ANARCHY ZONE	A-ZONE	C	19	AT1-r1-0	G	N	U
Computer Concepts	ANDROID ATTACK	ADROID1	C	19	C1-r1-1	G	N	M
Lee	ANNABEL GRAY	ANNLOAD	C	19	L1-r1-0	G	N	K
Command	APOCALYPSE	LOADER	C	19	C2-r2-0	G	N	X
Software Invasion	APOLLO	APOL	C	19	SI1-r1-1	G	N	[
Clemoes	APRIL SHOWERS	APRIL1	R	19	C1-r1-1	G	N	I
UNKNOWN	AQUA ATTACK	AQUA	C	19	VA1-r1-0	G	N	[
Acornsoft	ARCADE ACTION	ARCADEA	C	19	AC2-r1-0	G	N	]
4th Dimension	ARCADE SOCCER	BOOT	C	19	4D1-r1-0	S	N	A
UNKNOWN	ARCADIA	ARCADA1	C	9	VA1-r1-0	G	N	Z
Acornsoft	ARCADIANS	ARCADIA	C	19	AC1-r1a-0	G	Y	B
Microdeal	ARENA 3000	ARENA	C	19	M1-r1-1	G	Y	G
Imagine	ARKANOID	ARK	C	19	IM1-r1-1	G	N	C
Computer Concepts	ASTEROID BELT	ASTBELT	R	19	C1-r1-1	G	N	N
Micro Power	ASTEROID STORM	STORM	R	19	MI2-r1-0	G	N	R
Atarisoft	ASTEROIDS DELUXE	ASTROID	C	19	A3-r1-1	G	N	A
Hi-Tech	ASTRO BLASTER	BLAST	C	19	H1-r1-1	G	N	N
Micro Power	ASTRO NAVIGATOR	NAVIG	C	19	MI2-r1-0	G	N	Q
Blue Ribbon	ASTRO PLUMBER	ASTRO_P	R	19	BR1-r1-0	G	N	E
Ultimate	ATIC ATAC	ATICAC1	R	19	U1-r1-0	G	Y	S
IJK	ATLANTIS	ATLNTIS	C	19	IJ1-r1-0	G	N	]
Alternative	ATOM SMASHER	ATOMSMA	C	19	AL1-r1-1	G	N	D
Optima	ATOMIC PROTECTOR	ATOM	C	19	NO1-r1-0	G	N	E
Tynesoft	AUF WIEDERSEHEN PET	A	C	19	TY1-r1-0	Z	N	T
Acornsoft	AVIATOR	LOADER	C	19	AC2-r1-0	G	N	U
Acornsoft	AVIATOR COLOUR	AV	C	19	AC2-r1-0	G	N	S
CSL	AWARI	AWARI	C	19	C2-r2-1	S	N	F
Understanding	AWARI	AWARI	C	19	U1-r1-1	S	N	A
Elk Adventure Club	AXE OF KOLT	KCHOOSE	C	19	E2-r1-0	Z	N	Q
Superior	BALLISTIX	BALLS	C	19	SU6-r1-1	G	N	[
Blue Ribbon	BALLOON BUSTER	BLOADER	C	11	BR2-r1-0	G	N	X
Yes Marketing	BALLS!	BALLS!	R	19	WZ1-r1-1	G	N	B
Blue Ribbon	BANANA MAN	B1	C	19	BR1-r1-0	G	N	X
MRM	BANANAMAN	BANANA	C	19	MR1-r1-0	G	N	[
Acornsoft	BANDIT	BANDIT	C	19	AC1-r1a-0	G	N	C
Oak	BANDITS	BANDITS	C	19	NO1-r1-0	G	N	\
Micro Power	BANDITS AT 3 O'CLOCK	BANDITS	C	19	MI1-r1-0	G	Y	^
Robico	BANJAX	BANJAX	C	19	RB1-r1-0	G	N	X
Blue Ribbon	BAR BILLIARDS	BAR	C	19	BR2-r1-0	G	N	R
Superior	BARBARIAN	BARB	C	19	SU9-r1-0	G	N	I
Superior	BARBARIAN 2	BARB	C	19	SU11-r1-0	G	N	S
Superior	BARON	BARONLD	C	19	SU2-r1a-1	G	N	]
Micro Power	BARRAGE	BARR-L	C	19	MI2-r1-0	G	N	C
Cases	BATTLE 1917	BATTLE	C	19	C1-r1-0	G	N	U
Betasoft	BATTLE OF BRITAIN	BRITAIN	C	19	B1-r1-0	G	N	K
ISP	BATTLE PLANET	BATTLE	C	19	I1-r1-1	G	N	B
BBC Soft	BATTLEFIELDS	CHOOSE	C	19	BB1-r1-0	G	N	W
Superior	BATTLETANK	BATTLET	C	19	SU1-r1-1	G	N	R
Lothlorien	BATTLEZONE 2000	BATTLE	C	19	L2-r1-0	G	N	^
Imagine	BC BILL	BILL	C	19	IM1-r1-1	G	N	[
US Gold	BEACH HEAD	BEACH0	C	19	US1-r1-0	G	N	W
Optima	BED BUGS	BEDBUGS	C	19	NO1-r1-1	G	N	P
IJK	BEEB BEEP	BEEBBLO	C	19	IJ1-r1-0	G	N	A
Bug-Byte	BEEBGAMMON	BACKGAM	C	19	BU2-r1-0	S	N	V
IJK	BEEBMUNCH	BEEBLOA	C	19	IJ1-r1-0	G	N	[
Robico	BEELINE	BEE	C	19	RB1-r1-1	G	N	C
Tynesoft	BEVERLY HILLS COP	BCLOAD	C	19	TY3-r1-1	G	N	S
Firebird	BIRD STRIKE	BIRD	C	19	FB1-r1-0	G	N	B
CDS	BIRDIE BARRAGE	BIRDIE	C	19	CD1-r1-0	G	N	\
Computasolve	BIRDIE BARRAGE	BIRDIE	C	19	C1-r1-1	G	N	G
Romik	BIRDS OF PREY	BIRDS	C	19	R1-r1-1	G	N	F
BBC Soft	BISMARCK	LOADER	C	19	BB1-r1-0	G	N	C
Acornsoft	BLACK BOX	BLCKBOX	C	19	AC2-r1-0	G	N	Q
BBC Soft	BLACK QUEEN BRIDGE	BQUEEN	C	19	BB2-r1-0	S	N	S
IJK	BLACKJACK	BLACK	C	19	IJ1-r1-0	S	N	Y
Software Invasion	BLACKJACK	BLACKJ	C	19	SI1-r1-1	S	N	X
Alligata	BLAGGER	BLAGGER	C	19	AG1-r1-0	G	Y	[
Audiogenic	BLAST!	BLAST!	C	19	AU2-r1-1	G	N	N
Software Invasion	BLITZKRIEG	BLITZ	C	19	SI1-r1-0	G	N	S
Software Invasion	BLITZKRIEG-MONO	BLITZK	C	19	SI1-r1-1	G	N	W
Betasoft	BLOCKADE	BLOCKDE	C	19	B1-r1-0	G	N	]
Micro Power	BLOCKBUSTER	BLOCK1	C	19	MI2-r1-0	S	N	O
Domark	BLOCKBUSTERS	LOADER	C	19	DO2-r1-1	S	N	R
Macsen	BLOCKBUSTERS	BLOCKBU	C	19	MC1-r1-0	S	N	Z
Thor	BLOCKER	BLOCKER	C	19	T1-r1-0	G	N	R
selfpub	BLOCKMAN	BMAN	C	19	VA1-r1-0	G	N	X
Robico	BLOOD OF THE MUTINEERS	DLOADER	C	19	RB1-r1-0	G	N	Q
MP	BLUE DRAGON	DRAGON	C	19	M3-r1-1	G	N	U
Superior	BMX ON THE MOON	BMXMOON	R	19	SU1-r1-0	G	N	I
DACC	BOBBY CHARLTON SOCCER	SOCCER	C	19	D1-r1-1	S	N	I
Bill Trevelyan	BODY IN THE BUNKER	INTRO	C	19	AD2-r1-0	G	N	I
Addictive	BOFFIN	BOFFIN	R	19	A1-r1-0	G	Y	S
Addictive	BOFFIN 2	BOFIN21	R	19	A1-r1-0	G	Y	Q
Salamander	BOMBER	BOMBER	C	19	S3-r1-1	G	N	X
Optyx	BOMBER BARON	BARON	C	19	NO1-r1-1	G	N	F
Superior	BONECRUNCHER	BONE	R	19	SU5-r1a-1	G	N	_
Salamander	BOOT HILL	BOOTLOA	C	19	S3-r1-1	G	N	B
Silversoft	BORED OF THE RINGS 1	BORED1	C	19	S1-r1-1	A	N	D
Silversoft	BORED OF THE RINGS 2	BORED2	C	19	S1-r1-1	A	N	E
Silversoft	BORED OF THE RINGS 3	BORED3	C	19	S1-r1-1	A	N	F
Silversoft	BORED OF THE RINGS 4 	SCEPTIC	C	19	S1-r1-1	A	N	A
Superior	BORIS IN THE UNDERWORLD	LOADER	R	19	SU11-r1-1	G	N	[
Tynesoft	BOUDLERDASH	BOULDER	C	19	TY2-r1-0	G	N	S
UNKNOWN	BOULDERCRASH	BOULDER	C	19	VA1-r1-0	G	N	V
Acornsoft	BOUNCER	BOUNCER	R	19	AC2-r1-0	G	N	N
Oak	BOUNCING BILL	BILL	C	19	NO1-r1-0	G	N	V
US Gold	BOUNTY BOB STRIKES BACK	BOUNTY	C	11	US1-r1-0	G	N	U
BP Soft	BOZO AND BEEBO	B&B	C	19	B1-r1-0	G	N	I
Minic	BRAIN AEROBICS	LOADER	C	19	M3-r1-0	G	N	G
Dynabyte	BRAIN TEASERS	BRAIN	C	19	D2-r1-1	G	N	P
Alternative	BREAKFREE	BREAKFR	C	11	AL1-r1-1	G	N	O
IJK	BREAKOUT	BREAKOU	C	19	IJ1-r1-0	G	N	T
Audiogenic	BREAKTHROUGH	BREAKTH	C	19	AU2-r1-0	G	N	S
CDS	BRIAN CLOUGH'S FBALL FORTUNES	CLOUGH	C	19	CD1-r1-1	S	N	T
Martech	BRIAN JACKS SUPER* CHALLENGE	BJACKS1	R	19	MA1-r1-0	S	N	Q
Minic	BRIDGE MENTOR	FRONT	C	19	M3-r1-0	S	N	P
Software For All	BRIK EM IN	BRIKMIN	C	19	S1-r1-0	G	N	M
US Gold	BRUCE LEE	BRUCE	C	19	US1-r1-0	G	N	N
Firebird	BUBBLE BOBBLE	BUBBLE1	C	19	FB1-r1-1	G	N	F
Tynesoft	BUFFALO BILL'S RODEO GAMES	RODEO	C	19	TY6-r1-0	G	N	B
Alligata	BUG BLASTER	BUGBLAS	C	19	AG1-r1-0	G	Y	Q
Virgin	BUG BOMB	BUGBOMB	C	19	V1-r1-0	G	N	\
Icon	BUG EYES	BUGEYE	R	19	IC1-r1-0	G	N	\
Audiogenic	BUG EYES 2	BUGII	C	19	AU1-r1-0	G	N	F
Macsen	BULLSEYE	BULLY	C	19	MC1-r1-1	G	N	E
Micro Power	BUMBLE BEE	BUMBLE	C	19	MI1-r1-0	G	Y	Y
Squirrelsoft	BUN FUN	BUNFUN	C	19	S1-r1-1	G	N	_
UNKNOWN	BUNGLE BROTHERS	BUNGLE	C	19	AD1-r1-0	G	N	[
Alternative	BUNNY BLITZ	BUNNY	C	19	AL1-r1-1	G	N	H
Superior	BY FAIR MEANS OR FOUL	BOOT	R	19	SU12-r1-0	G	N	N
Mirrorsoft	CAESAR THE CAT	CAESAR	C	19	MS1-r1-1	G	N	S
Superior	CAMELOT	MENU	C	19	SU2-r1a-1	G	N	L
IJK	CANDYFLOSS	CANDYFL	C	19	IJ1-r1-0	G	N	S
BBC Soft	CANYON	CANYON	C	19	BB1-r1-1	G	Y	K
Acornsoft	CAROUSEL	CAROUSE	R	19	AC1-r1a-0	G	Y	F
Duckworth	CASTLE ADVENTURE	CASLOAD	C	19	D2-r1-0	A	N	B
Blue Ribbon	CASTLE ASSAULT	INTRO	C	60	BR1-r1-0	G	N	V
MRM	CASTLE ASSAULT	CASTLE	C	19	MR1-r1-0	G	N	X
CDS	CASTLE BLACKSTAR	BLACK	C	19	CD1-r1-0	G	N	T
Epic	CASTLE FRANKENSTEIN	FRANK	C	19	E1-r1-0	G	N	Q
MRM	CASTLE OF GEMS	COFGEMS	C	19	MR1-r1-1	G	N	Q
Acorn User	CASTLE OF NIGHTMARES	NIGHTML	C	19	ACUGD-r1-1	G	N	A
Acornsoft	CASTLE OF RIDDLES	CASTLDR	R	19	AC3-r1-1	G	N	Q
Alternative	CASTLE OF SANDS	CASTLE	C	19	AL1-r1-1	G	N	F
Samurai	CASTLE OF THE SKULL LORD	SKULL1	C	19	S1-r1-1	G	N	P
Micro Power	CASTLE QUEST	CASTLEQ	C	19	MI3-r1-1	G	Y	F
Gemini	CATERPILLAR	CATERP	C	19	G1-r1-0	G	N	[
IJK	CATERPILLAR	CATERPI	C	19	IJ1-r1-0	G	N	R
Icon	CAVEMAN CAPERS	CAPERS1	R	19	IC1-r1-0	G	N	X
Alternative	CAVERN CAPERS	CAVERN	C	19	AL1-r1-1	G	N	A
Players	CAVEY	CAVEY	C	19	PQ2-r1-1	G	N	]
ASP	CELLS & SERPENTS	CELLS	C	19	A2-r1-1	G	N	W
selfpub	CENTIPEDE	CENTIPE	C	19	VA1-r1-0	G	N	S
Superior	CENTIPEDE	CENTIPD	C	19	SU11-r1-1	G	N	Z
Mastertronic	CHALLENGER	CHALLEN	C	19	M2-r1-0	G	N	]
Peaksoft	CHAMPIONS	CHAMPS	C	19	PQ1-r1-0	G	N	E
Delta 4	CHARK	CHARK	C	19	D2-r1-0	G	N	M
Virgin	CHECK OUT	CHECK1	C	19	V1-r1-0	G	N	[
Acornsoft	CHESS	CHESS	R	19	AC2-r1-0	S	N	M
Computer Concepts	CHESS	CHESS	C	19	C1-r1-1	S	N	P
Micro Power	CHESS	CHESS	R	19	MI2-r1-0	S	N	A
Superior	CHESS	CHESS	C	19	SU11-r1-0	S	N	J
Kempston	CHICANE	CHICNE1	C	19	K1-r1-0	G	N	H
Alligata	CHICHEN ITZA	ITZA	C	19	AG1-r1-0	G	N	P
Virgin	CHIEFTAIN	LOADER	C	19	V1-r1-0	G	N	X
Software Invasion	CHIP BUSTER	CHIP	C	19	SI1-r1-1	G	N	U
Firebird	CHOLO	CHOLO	R	19	F1-r1-0	G	N	F
selfpub	CHOPPER II	CHOPPER	C	19	VA1-r1-0	G	N	O
Icon	CHRYSALIS	CHRS0	C	19	IC1-r1-0	G	N	W
A&F	CHUCKIE EGG	CHUCKIE	C	19	A1-r1-0	G	Y	J
Tynesoft	CIRCUS GAMES	CIRCUS	R	19	TY2-r1-1	G	N	C
Superior	CITADEL	CITADEL	C	19	SU2-r1a-0	G	Y	E
Superior	CITADEL 2	CITMENU	C	19	SU2-r1a-1	G	Y	K
Bug-Byte	CITY DEFENCE	DEF/1	C	19	BU2-r1-0	G	N	U
Abersoft	CLASSIC ADVENTURE	CLASSIC	R	0e	M2-r1-0	A	N	E
Database	CLASSIC ARCADE GAMES	HEADER	C	19	DB1-r1-0	G	N	U
Impact	CLOGGER	CLOGGER	C	19	I1-r1-1	G	N	U
Leisure Genius	CLUEDO	CLUEDO	C	19	L1-r1-1	S	N	P
Alternative	CODEBREAKER	CODEBRE	C	19	AL1-r1-1	S	N	P
Superior	CODENAME: DROID	CDROID	C	19	SU4-r1a-1	G	N	S
LVL	COLDITZ	COLDITZ	C	19	L1-r1-0	G	N	F
Superior	COLDITZ ADVENTURE	COLDITZ	R	19	SU10-r1-1	A	N	M
selfpub	COLONY	COLMENU	C	19	VA3-r1-0	G	N	U
Level 9	COLOSSAL ADVENTURE	COLLOAD	C	19	LV1-r1-0	A	N	D
Durell	COMBAT LYNX	LYNX	R	19	D2-r1-1	G	N	V
Elite	COMMANDO	COM1	C	19	E1-r1-1	G	N	M
Tynesoft	COMMONWEALTH GAMES	LOADER	C	19	TY3-r1-0	G	N	J
CDS	COMPLETE HOME ENTERTAINMENT	MENU	C	19	CD1-r1-1	G	N	S
Domark	COMPUTER MANIAC'S DIARY 1989	INTRO	C	19	DO1-r1-1	A	N	C
Blue Ribbon	CONDITION RED	CONDRED	R	19	BR2-r1-0	G	N	A
Lothlorien	CONFRONTATION	CF	C	19	L2-r1-0	G	N	]
Incentive	CONFUZION	CONLOAD	C	19	I1-r1-0	G	N	R
ASP	CONQUERING EVEREST	EV	C	19	A2-r1-1	G	N	U
Alligata	CONTRACT BRIDGE	BRIDGE1	C	19	AG1-r1-0	S	N	I
Icon	CONTRAPTION	CONTRAP	C	19	IC1-r1-0	G	Y	M
Ultimate	COOKIE	COOKIE	R	19	U1-r1-0	G	N	R
Alpine	COPS	LOAD	C	19	AP1-r1-0	G	N	F
Atlantis	COPS N ROBBERS	COPS1	C	19	AT1-r1-0	G	N	S
A&F	COPTER CAPERS	COPTER	C	19	A1-r1-0	G	N	I
Cases	CORN CROPPER	CORN	C	19	C1-r1-0	G	N	Z
Dynabyte	CORPORATE CLIMBER	CORPOR	C	19	D2-r1-1	A	N	J
Alligata	COSMIC ASTEROIDS	ASTER	C	19	AG1-r1-0	G	N	G
Superior	COSMIC CAMOUFLAGE	COSMIC	C	19	SU9-r1-1	G	N	R
Micro Power	COSMIC COMBAT	COMBAT	R	19	MI1-r1-0	G	N	C
Imagine	COSMIC CRUISER	CRUISE	C	19	IM1-r1-1	G	N	Z
Kansas	COSMIC FIGHTER	COSMIC	C	19	KA1-r1-0	G	N	[
Superior	COSMIC KIDNAP	COSMIC1	C	19	SU11-r1-1	G	N	X
Macsen	COUNTDOWN	CD1	C	19	MC1-r1-0	A	N	D
Acornsoft	COUNTDOWN TO DOOM	LOADER	C	19	AC3-r1-1	G	N	P
Micro Power	COWBOY SHOOTOUT	COWBOY	C	19	MI2-r1-0	G	N	L
Atlantis	CRACK UP	CU1	C	19	AT1-r1-0	G	N	Q
Watford	CRAWLER	CRAWL1	C	19	WZ1-r1-1	G	N	J
Superior	CRAZEE RIDER	RIDER	C	19	SU3-r1a-1	G	N	]
Acornsoft	CRAZY BALLOON	BALLOON	C	19	AC2-r1-0	G	N	L
Swift	CRAZY CAVES	CRAZY	R	19	S2-r1-1	G	N	F
Alternative	CRAZY ERBERT	ERBERT	C	19	AL2-r1-0	G	N	^
Microbyte	CRAZY ERBERT	EB	C	19	M1-r1-1	G	N	L
Superior	CRAZY PAINTER	PAINTER	C	5D	SU1-r1-1	G	Y	B
Acornsoft	CRAZY TRACER	TRACER	C	19	AC1-r1a-0	G	Y	G
TSB	CRED BREAKS OUT	LOADER	C	19	VA1-r1-0	G	N	N
Atlantis	CREEPY CAVE	CAVE	R	19	AT1-r1-0	G	N	O
Superior	CRIBBAGE	CRIBBGE	C	19	SU11-r1-0	S	N	I
Bug-Byte	CRICKET	CRICKET	R	19	BU3-r1-1	S	N	A
Micro Power	CROAKER	CROAK	C	19	MI1-r1-0	G	N	V
UNKNOWN	CROSSWORDS	CLOAD	R	19	VA3-r1-1	S	N	[
Alligata	CROWN JEWELS-ELECTRON	CROWN1	C	19	AG2-r1-0	G	N	\
MP	CROWN OF MARDAN	MARDAN	R	19	M3-r1-1	G	N	P
Virgin	CRUNCHER	CRUNCHR	C	19	V1-r1-0	G	N	V
Software Projects	CRYPT CAPERS	CRYPT1	R	19	S2-r1-1	G	N	\
Atarisoft	CRYSTAL CASTLES	CRYSTAL	C	19	A3-r1-1	G	N	J
US Gold	CRYSTAL CASTLES	CRYSTAL	C	19	US1-r1-0	G	N	E
Acornsoft	CUBE MASTER	CUBE	C	19	AC2-r1-0	G	N	J
Pro Software	CURSE OF THE MIDDLE KINGDOM	INSTRUC	C	19	PQ1-r1-1	A	N	M
Comsoft	CUSTARD PIE FIGHT	FIGHT	C	19	C2-r2-1	G	N	\
Mandarin	CUTE TO KILL	CUTEKIL	C	19	M1-r1-1	G	N	S
Micro Power	CYBERTRON	CYBER	C	19	MI1-r1-0	G	N	U
Superior	CYBORG WARRIORS	CYBLOAD	C	19	SU9-r1-1	G	N	T
A&F	CYLON ATTACK	INTRO	C	19	A1-r1-1	G	N	R
Tynesoft	CYLON INVASION	CYLON	C	19	TY1-r1-0	G	N	R
UNKNOWN	DAARK	DAARK	C	19	AD2-r1-1	G	N	P
Oak	DALEY THOMPSON	DALEY	C	52	NO1-r1-0	G	N	R
Cases	DALLAS	DALLAS	C	11	C1-r1-0	G	N	Y
US Gold	DAM BUSTERS	DB1	R	19	US1-r1-0	G	N	C
Alligata	DAMBUSTERS	DAM	C	19	AG1-r1-0	G	N	C
Micro Power	DANGER UXB	UXB	C	19	MI1-r1-0	G	Y	S
Visions	DARE DEVIL DENIS	DENIS	C	19	VS1-r1-0	G	Y	U
Blue Ribbon	DARTS	DARTS	C	19	BR1-r1-0	G	N	P
MRM	DARTS	DARTS	C	19	MR1-r1-0	G	N	W
Alternative	DAY AT THE RACES	RACES	C	19	AL1-r1-0	U	N	T
Alternative	DEAD OR ALIVE	DA	C	19	AL2-r1-0	G	N	\
Peaksoft	DEATH'S HEAD HOLE	DEATHL	C	19	PQ1-r1-0	G	N	A
Superior	DEATHSTAR	DEATHST	C	19	SU1-r1-1	G	Y	F
Acornsoft	DEFENDER	DEFEND	C	19	AC1-r1a-0	G	Y	\
Acornsoft	DEFENDER MODIFIED	DEFEND	C	19	AC2-r1-0	G	Y	E
Visions	DEMOLATOR	DEMOLAT	R	19	VS1-r1-0	G	N	P
Micro Power	DEMON DECORATOR	DECOR	C	19	MI2-r1-0	G	N	J
Melbourne House	DENIS THROUGH DRINKING GLASS	DENIS	R	19	M2-r1-0	G	N	C
Audiogenic	DESPATCH RIDER	LOADER	C	19	AU2-r1-1	G	N	]
Thor	DESPERATE DAN'S DUNGEON	DAN1	C	19	T1-r1-0	G	N	Q
selfpub	DEVIL'S CAUSEWAY	DEVIL	C	19	K1-r1-0	G	N	B
Micro Power	DEVIL'S DOMAIN	DOMAIN	C	19	MI2-r1-0	G	N	I
Blue Ribbon	DIAMOND MINE	DIAMOND	C	19	BR1-r1-0	G	Y	N
MRM	DIAMOND MINE	DIALOAD	C	19	MR1-r1-0	G	Y	R
Blue Ribbon	DIAMOND MINE 2	DIAMO-D	R	19	BR1-r1-0	G	Y	C
Alligata	DIAMOND PETE-ELECTRON	DP1	C	19	AG2-r1-0	G	Y	V
Swift	DIAMONDS	DIMOND	C	19	S2-r1-0	G	Y	S
DK Tronics	DICTATOR	DICTAT	C	19	D1-r1-0	A	N	Z
Visions	DIGGER	DIGGER	C	12	VS1-r1-0	G	Y	O
UNKNOWN	DINOSAUR ADVENTURE	DINOADV	C	19	AD1-r1-0	A	N	V
Microgame	DODG'EM	DODGEM	C	19	M1-r1-1	G	N	C
Melbourne House	DODGY GEEZERS	DODGY-G	C	19	M2-r1-1	G	N	T
Opus	DOGFIGHT	DOG1	C	28	NO1-r1-1	G	N	D
Blue Ribbon	DOMINOES	DOMLOAD	C	19	BR2-r1-0	S	N	N
Atarisoft	DONKEY KONG JUNIOR	DONKEY	C	19	A3-r1-1	G	Y	K
Doctor Soft	DOUBLE PHANTOM	B.PHANDLB	C	19	D1-r1-0	G	N	I
Micro Power	DR WHO & THE MINES OF TERROR	DOCWHO	C	19	MI3-r1-0	G	N	F
BBC Soft	DR WHO THE FIRST ADVENTURE	INTRO	C	19	BB1-r1-1	G	N	O
Andrew Grifo	DRACULA ADVENTURE	DRACULA	C	19	AD1-r1-0	A	N	U
Kansas	DRACULA ISLAND	DRAC	C	19	KA1-r1-0	G	N	V
Bug-Byte	DRAGON QUEST	DRAGONQ	C	19	BU2-r1-0	G	N	Q
Salamander	DRAGON RIDER	DR1	C	19	S3-r1-1	G	N	U
Incentive	DRAGON'S TOOTH	DRAG	R	19	I1-r1-1	G	N	_
Icon	DRAIN MANIA	DRAIN	C	19	IC1-r1-0	G	N	T
Acornsoft	DRAUGHTS	DRAUGHT	C	19	AC2-r1-0	S	N	B
Computer Concepts	DRAUGHTS	DRAUGHT	C	19	C1-r1-1	S	N	Q
Superior	DRAUGHTS	DLOAD	C	19	SU11-r1-0	S	N	G
Acornsoft	DROGNA	DROGNA	C	19	AC2-r1-1	G	N	X
UNKNOWN	DRUNKEN DAN	DAN	C	19	VA1-r1-0	G	N	K
Firebird	DUCK!	DUCK	R	19	FB1-r1-0	G	N	E
Micro Power	DUNE RIDER	DUNE	C	19	MI1-r1-0	G	N	Q
Level 9	DUNGEON ADVENTURE	DUNLOAD	C	19	LV1-r1-0	G	N	C
Bug-Byte	DUNJUNZ	DUNJUNZ	R	19	BU1-r1-1	G	N	C
Bug-Byte	DUNJUNZ-MASTER VERSION	DUNJUNZ	C	19	BUDJ2-r1	G	N	C
4th Dimension	E-TYPE	E_TYPE	C	19	4D2-r1-0	G	N	K
Salamander	EAGLE	EAGLE	C	19	S3-r1-1	G	N	S
Alligata	EAGLE EMPIRE	EAGLE-E	C	19	AG1-r1-1	G	N	_
Software Invasion	EAGLE'S WING	EAGLE1	C	19	SI1-r1-0	G	Y	O
Alligata	EBONY TOWER	EBONY	C	19	AG2-r1-0	G	N	Z
Martech	EDDIE KIDD	EDDIE	C	19	MA1-r1-0	G	N	O
Duckworth	EGYPTIAN ADVENTURE	TITLE	C	19	D2-r1-0	A	N	H
Micro Power	ELDORADO GOLD	LOADER	C	19	MI3-r1-1	A	N	P
Softspot	ELECTRO FREDDY	EF1	C	19	S2-r1-0	G	N	]
Acornsoft	ELITE	BOOT	R	19	AC3-r1-0	G	Y	E
Acornsoft	ELITE TUBE & MASTER Version	ELITE	C	19	AC4-r1-0	G	N	]
Superior	ELIXIR	ELIXIR	R	19	SU5-r1a-1	G	N	J
Micro Power	ELK INVADERS	INVADER	C	19	MI2-r1-0	G	N	D
Level 9	EMERALD ISLE	ISLE	C	60	LV1-r1-0	G	N	Q
Sigma Six	EMILY	EMILY	C	19	VA1-r1-1	G	N	_
Audiogenic	EMLYN HUGHES ARCADE QUIZ	HUGHES	C	19	AU4-r1-0	S	N	A
Molimerx	EMPEROR	EMPEROR	C	11	M4-r1-0	G	N	C
Shards	EMPIRE	EMPIRE	C	11	S3-r1-0	G	N	Q
Domark	EMPIRE STRIKES BACK	EMPSTRB	R	19	DO1-r1-0	G	N	]
Red Shift	ENGLISH CIVIL WAR	C-WAR	C	19	R1-r1-0	G	N	U
selfpub	ENTROPY	ENTLOAD	C	14	VA1-r1-1	G	N	X
Mosaic	ERIK THE VIKING	ERIK	C	19	MO1-r1-0	G	N	G
Robico	ESCAPE FROM ENTHAR 7	LOADER	C	19	RB1-r1-0	G	N	A
Micro Power	ESCAPE FROM MOONBASE ALPHA	EMBA	C	19	MI2-r1-1	G	N	J
Hopesoft	ESCAPE FROM ORION	ORION	C	19	H1-r1-1	G	N	E
Firebird	ESTRA	ESTRA	C	19	FB1-r1-0	G	N	H
Hewson	EVENING STAR	S&D	C	19	H1-r1-0	G	N	O
Palace	EVIL DEAD	EVIL	C	19	PQ1-r1-0	G	N	M
Software Projects	EWGEEBEZ	EWGEBEZ	C	19	S2-r1-1	G	N	X
Superior	EXILE	EXILE	R	19	SU7-r1-0	G	N	F
Bug-Byte	EXTERMINATOR	EXTERM	R	19	BU2-r1-0	G	N	P
Softek	EYE OF ZOLTON	ZOLTON	C	11	S1-r1-0	G	N	S
Kansas	F FOR FREDDIE	FREDDIE	C	19	KA1-r1-0	G	N	S
Superior	FAIRGROUND	FAIR	C	19	SU11-r1-1	G	N	W
ASP	FALL OF ROME	ROMINST	C	19	A2-r1-1	G	N	S
IJK	FAMILY GAMES	CHOOSE	C	19	IJ1-r1-1	S	N	G
Firebird	FAT MAN SAM	FATMAN	C	19	FB1-r1-0	G	N	I
Micro Power	FELIX AND THE FRUIT MONSTERS	FRUTMON	C	19	MI1-r1-0	G	N	A
Micro Power	FELIX IN THE FACTORY	FACTORY	C	19	MI1-r1-0	G	N	L
Micro Power	FELIX MEETS THE EVIL WEEVILS	FELIX	C	19	MI1-r1-0	G	N	F
Kansas	FERRYMAN AWAITS	F1	C	19	KA1-r1-0	G	N	Y
Kansas	FIGHTER PILOT	F_PILOT	C	19	KA1-r1-0	G	N	Q
Acornsoft	FIREBUG	FIREBUG	C	19	AC1-r1a-0	G	N	J
Postern	FIREHAWKS	FIRE	C	19	PQ3-r1-0	G	N	[
Electric Dreams	FIRETRACK	FTBASIC	C	19	E2-r1-1	G	N	C
Electric Dreams	FIRETRACK ENHANCED VERSION	FTBASIC	C	19	E2-r1-0	G	N	C
MP	FIRIENWOOD	FIRIEN	C	19	M3-r1-1	G	N	S
Longman	FIRST MOVES	CHBOOT	C	19	L1-r1-1	G	N	F
Alternative	FISHING	FISHING	C	19	AL1-r1-0	G	N	G
IJK	FIVE A SIDE SOCCA	FTBALL	C	19	IJ1-r1-0	S	N	P
W-Games	FIVE DOCTORS	5DOCTOR	C	11	WZ1-r1-1	S	N	F
Kansas	FIVE SPHERES	SPHERES	C	19	KA1-r1-0	S	N	M
IJK	FLAGS	FLAGS	C	19	IJ1-r1-0	S	N	L
Acornsoft	FLASH	FLASH	C	19	AC2-r1-1	G	N	C
selfpub	FLIGHT OF THE UNICORN	FLIGHT	C	19	AD1-r1-0	G	N	R
Potter	FLINT STRIKES BACK	FLINT3A	C	19	PQ2-r1-1	G	N	P
Icon	FLIP!	FLIP	R	19	IC1-r1-0	S	N	H
CDS	FOOTBALL DIRECTOR	LOADER	C	19	CD1-r1-0	S	N	A
Addictive	FOOTBALL MANAGER	FOOTLOA	C	19	A1-r1-0	S	N	O
Gremlin	FOOTBALLER OF THE YEAR	F-O-T-Y	R	19	G2-r1-0	S	N	O
Micro Power	FOOTER	FOOTER	R	19	MI2-r1-1	S	N	A
Voyager	FORBIDDEN FRUIT	FFRUIT	C	19	V1-r1-1	G	N	A
Pace	FORTRESS	FORT	C	19	PQ1-r1-0	G	Y	_
selfpub	FOUR WANDS	CHOOSE	C	19	AD2-r1-1	G	N	H
Aardvark	FRAK	FRAK	C	19	A1-r1-0	G	Y	W
Aardvark	FRAK#e	FRAKELL	C	19	A1-r1-0	G	N	A
Icon	FRANKENSTEIN 2000 V1	FRANKIE	C	19	IC1-r1-0	G	N	G
Icon	FRANKENSTEIN 2000 V2	FRANKEN	C	19	IC1-r1-1	G	N	V
Salamander	FRANKLIN'S TOMB	F-T	C	19	S3-r1-1	G	N	Q
Acornsoft	FREEFALL	FREFALL	R	19	AC1-r1a-0	G	N	M
Micro Power	FRENZY	FRENZY	C	19	MI1-r1-0	G	Y	K
A&F	FROGGER	FROGGER	C	19	A1-r1-0	G	Y	D
Superior	FROGGER	FROGGER	C	19	SU11-r1-1	G	Y	U
ASP	FROGLET	FROGLET	R	19	A2-r1-1	G	N	Q
Alligata	FRUIT MACHINE	FRUIT	C	19	AG1-r1-1	G	N	[
Simonsoft	FRUIT MACHINE	FRUIT	C	19	S1-r1-0	G	N	_
Superior	FRUIT MACHINE	FRUIT	C	19	SU11-r1-1	G	N	S
Codemasters	FRUIT MACHINE SIMULATOR	LOADER	C	19	C1-r1-0	G	N	E
Alternative	FRUIT WORM#e	FRUITWO	C	19	AL1-r1-1	G	N	S
Softspot	FRUITY FREDDY	FREDDY	C	19	S2-r1-0	G	N	[
Nebulae	FSS LIBERATOR	LIBER	C	19	NO1-r1-0	G	N	]
Softspot	FUNFAIR	FUNFAIR	R	19	S2-r1-0	G	N	Z
Tynesoft	FUTURESHOCK	FUTURE	C	19	TY2-r1-0	G	N	R
Micro Power	GALACTIC COMMAND	COM0	C	19	MI2-r1-1	G	N	D
Kansas	GALACTIC FIREBIRD	BIRD	R	19	KA1-r1-0	G	N	L
Mastertronic	GALACTIC PATROL	GALAXY	C	19	M2-r1-0	G	N	[
RH Software	GALACTIC WIPEOUT	GALACT	C	19	R1-r1-1	G	N	[
Potter	GALADRIEL IN DISTRESS	GALAD-1	C	19	PQ2-r1-1	G	N	K
Superior	GALAFORCE	GALA	C	19	SU3-r1a-1	G	N	R
Superior	GALAFORCE 2	GFORCE2	C	19	SU3-r1a-1	G	N	N
Superior	GALAXIANS	GALAXNS	C	19	SU11-r1-1	G	Y	R
Superior	GALAXY BIRDS	GALAXY	C	19	SU11-r1-1	G	N	P
Bug-Byte	GALAXY WARS	GALAXY	R	19	BU2-r1-0	G	N	O
Shards	GALILEE	GALILEE	C	11	S3-r1-0	G	N	O
Acornsoft	GAMBIT	GAMBIT	C	19	AC2-r1-1	G	N	[
Computer Concepts	GAMES GALORE	GALORE	C	19	C1-r1-1	G	N	Y
BBC Soft	GAMES OF STRATEGY	INDEX	C	19	BB1-r1-1	S	N	A
Quicksilva	GATE CRASHER	GATECRS	C	19	PQ3-r1-0	G	N	L
Acornsoft	GATEWAY TO KAROS	GATEWAY	C	19	AC3-r1-1	G	N	L
Solar Soft	GATEWAY TO THE SKIES	GATEWAY	C	19	S1-r1-0	G	N	D
Micro Power	GAUNTLET	GAUNTLT	C	19	MI1-r1-0	G	N	D
Audiogenic	GENESIS PROJECT	GO	C	19	AU2-r1-1	G	N	B
Martech	GEOFF CAPES	GEOFFC	C	19	MA1-r1-0	G	N	M
MRM	GHOST HUNTER	GHUNT	C	19	MR1-r1-0	G	N	P
Micro Power	GHOULS	GHOUL-L	C	19	MI1-r1-1	G	N	E
Superior	GIDEON'S GAMBLE	GG1	C	19	SU10-r1-1	G	N	J
Martech	GISBURN'S CASTLE	GISBURN	C	19	MA1-r1-0	G	N	J
Apex	GLIDER PILOT	GLDRPLT	C	19	A2-r1-0	G	N	]
Superior	GNASHER	GNASHER	C	19	SU11-r1-1	G	N	N
Model B Computing	GNOME	GNOME	C	19	AD1-r1-0	A	N	P
Acornsoft	GO	GO	C	19	AC2-r1-1	S	N	V
Tynesoft	GOAL	GOAL	C	19	TY1-r1-0	S	N	O
Firebird	GOLD DIGGER	GOLDDG	C	19	FB1-r1-0	G	N	N
Atlantis	GOLDEN FIGURINE	FIGURIN	C	19	AT1-r1-0	G	N	L
Macsen	GOLDRUN	GOLDRUN	C	19	MC1-r1-0	G	N	S
Alternative	GOLF	GOLF	C	19	AL1-r1-0	S	N	E
Yes Software	GOLF	LOADER	C	19	WZ1-r1-1	S	N	C
Acornsoft	GOMOKU	GOMOKU	C	19	AC2-r1-1	S	N	B
Micro Power	GOMOKU	GOMTEXT	C	19	MI2-r1-1	S	N	F
Doctor Soft	GORF	GORF	C	19	D1-r1-1	G	N	Y
Doctor Soft	GORPH	GORPH	C	19	D1-r1-1	G	N	U
Voyager	GRABIT	GRABIT	R	19	V1-r1-1	G	N	F
Audiogenic	GRAHAM GOOCH TEST CRICKET	LOADER	C	19	AU1-r1-1	S	N	Q
Alternative	GRAND PRIX	GRANDPR	C	19	AL1-r1-0	G	N	S
Superior	GRAND PRIX CONSTRUCTION SET	GRAND	C	19	SU4-r1a-1	U	N	F
Incentive	GRAPHIC ADVENTURE CREATOR	LOAD	C	19	I2-r1-0	U	N	B
Hessel	GREAT BRITAIN LTD	GB/LTD	C	19	H1-r1-0	U	N	R
Alternative	GREBIT	GREBIT	C	19	AL1-r1-1	G	N	G
Goldstar	GREEDY DWARF	GDWARF	C	19	G1-r1-0	G	N	E
Imagine	GREEN BERET	GREEN	C	19	IM1-r1-1	G	N	U
Adventuresoft	GREMLINS	GREMLI1	R	19	AS1-r1-1	G	N	G
Top Ten	GRID IRON	GRIDIRO	C	19	T1-r1-1	G	N	A
Alligata	GROWING PAINS	GROWPNS	C	19	AG1-r1-1	G	Y	V
Mosaic	GROWING PAINS OF ADRIAN MOLE	PAINS	C	19	MO1-r1-0	A	N	U
Alligata	GUARDIAN	GUARD	C	19	AG1-r1-1	G	Y	S
Peaksoft	GULP	GULP	C	19	PQ1-r1-1	G	N	Y
Atlantis	GUN FIGHTER	GUN	C	19	AT1-r1-0	G	N	K
DACC	GUNS OF NAVARONE	GUNSOFN	C	11	D1-r1-0	G	N	E
Software Invasion	GUNSMOKE	SMOKE	C	19	SI1-r1-0	G	N	M
Blue Ribbon	GUY IN THE HAT	GUY1	C	19	BR1-r1-0	G	N	K
MRM	GUY IN THE HAT	GUY	C	19	MR1-r1-0	G	N	L
Melbourne House	GYROSCOPE	GYROSCP	C	19	M2-r1-1	G	N	P
Melbourne House	HAMPSTEAD	HAMP	C	19	M2-r1-1	G	N	N
Micromode	HANGDROID	H-DROID	C	19	VA1-r1-1	G	N	V
selfpub	HANGMAN	LOADER	C	19	VA1-r1-1	S	N	T
Blue Ribbon	HANGMAN	HANGMAN	C	19	BR1-r1-0	S	N	H
Haresoft	HARERAISER	HARE	C	19	H1-r1-0	G	N	S
Firebird	HARVEY HEADBANGER	HARVEY	C	19	FB1-r1-0	G	N	O
A&F	HAUNTED ABBEY	ABBEY	C	19	A1-r1-1	G	N	Q
Alternative	HAUNTED HOUSE	HAUNTED	C	19	AL1-r1-0	G	N	P
Coda	HEAD COACH DELUXE	!BOOT	E	19	COHCD-r1	S	N	A
Hewson	HEATHROW ATC	HEATH1	C	19	H1-r1-0	G	N	K
Softspot	HEIST	HEISTLD	R	19	S2-r1-0	G	N	X
Micro Power	HELL DRIVER	HELLDRI	C	3C	MI2-r1-1	G	N	O
Acornsoft	HELL FORCE	HELLFC1	C	19	AC2-r1-1	G	N	R
Alligata	HELLHOLE-ELECTRON	HELL1	R	19	AG2-r1-0	G	N	L
Audiogenic	HELTER SKELTER	BOOT	C	19	AU3-r1-0	G	N	B
Power House	HERCULES	LOADER	C	19	PQ1-r1-1	G	N	S
Larsoft	HEX	HEX	R	19	L1-r1-0	G	N	[
Potter	HEXAGRAM OF TRUTANIA VALLEY	HEXAGRA	C	19	PQ2-r1-1	G	N	I
Mirrorsoft	HI-BOUNCER	BOUNCER	C	19	MS1-r1-1	G	N	N
Blue Ribbon	HI-Q-QUIZ	LOADER	C	19	BR2-r1-0	S	N	I
Virgin	HIGH RISE HORROR	HI-LOAD	C	19	V1-r1-0	G	N	B
Computer Concepts	HITCH HIKER	HITCH-H	C	19	C1-r1-1	G	N	\
Atlantis	HOBGOBLIN	HOBGBLN	C	19	AT1-r1-0	G	N	G
Atlantis	HOBGOBLIN 2	HOBBY2	C	19	AT1-r1-0	G	N	F
4th Dimension	HOLED OUT	!BOOT	R	19	4D3-r1-0	S	N	A
4th Dimension	HOLED OUT EXTRA COURSES VOL 1	!BOOT	R	19	4D4-r1-0	S	N	W
4th Dimension	HOLED OUT EXTRA COURSES VOL 2	!BOOT	R	19	4D5-r1-0	S	N	F
Romik	HOLY HORRORS	HH1	C	19	R1-r1-1	G	N	E
Silverlind	HONEYBUG	HONEY	C	19	S2-r1-0	G	N	A
Acornsoft	HOPPER	HOPPER	C	19	AC1-r1a-0	G	N	Z
A&F	HORROR CASTLE	HORROR	C	19	A1-r1-1	G	N	O
Dynabyte	HORSE RACER	HORSE	C	19	D2-r1-1	G	N	H
Superior	HOSTAGES	HOSTAGE	C	19	SU6-r1-0	G	N	B
selfpub	HOUSE OF HORRORS	HOUSE	C	19	K1-r1-0	G	N	I
A&F	HOWSZAT	HOWSZAT	C	19	A1-r1-1	G	N	M
Alternative	HOWZAT	HOWZAT	C	19	AL1-r1-0	G	N	F
Visions	HUBERT	HUBERT	C	19	VS1-r1-0	G	N	M
Ocean	HUNCHBACK	LOADER	C	60	NO1-r1-0	G	Y	P
Superior	HUNCHBACK	HUNCHBK	C	19	SU9-r1-1	G	Y	A
Bug-Byte	HUNKIDORY	HUNKY	C	19	BU3-r1-0	G	N	P
Robico	HUNT: SEARCH FOR SHAUNA	LOADER	C	19	RB2-r1-0	G	N	B
Imagine	HYPER SPORTS	BOOT	R	19	IM1-r1-0	G	N	B
Superior	HYPERBALL	HYPER	C	19	SU10-r1-1	G	N	X
IJK	HYPERDRIVE	HYPER	C	19	IJ1-r1-0	G	N	K
Tynesoft	IAN BOTHAM'S TEST MATCH	BOTLOAD	C	19	TY2-r1-0	S	N	K
Mandarin	ICARUS	BOOT	R	19	M1-r1-0	G	N	_
Bug-Byte	ICE HOCKEY	HOCKEY	C	19	BU3-r1-0	G	N	R
Micro Power	IMOGEN	M.IMOGEN	R	19	MI3-r1-0	G	Y	J
Audiogenic	IMPACT!	LOADER	C	19	AU1-r1-0	G	N	Y
US Gold	IMPOSSIBLE MISSION	IM	C	19	US1-r1-1	G	N	R
Lee	IN SEARCH OF ATAHAULPA	SRCLOAD	C	19	L1-r1-0	G	N	C
Alternative	INDOOR SOCCER	INDOOR	C	19	AL2-r1-0	S	N	B
Tynesoft	INDOOR SPORTS	LOADER	R	19	TY3-r1-1	S	N	A
4th Dimension	INERTIA	1	C	19	4D1-r1-0	G	N	]
White Panther	INFINITY	BOOT	R	19	WZ1-r1-0	G	N	C
Hessel	INHERITANCE	INHLOAD	C	19	H1-r1-0	S	Y	E
Micro Power	INTERGALACTIC TRADER	TRADER	C	19	MI3-r1-1	G	N	K
Audiogenic	INTERNATIONAL MEGASPORTS	SPORTS	C	19	AU3-r1-1	G	N	A
Interceptor	INTRUDERS	INTRU1	C	19	I1-r1-1	G	N	F
MRJ	INU	INU	C	19	M4-r1-0	G	N	B
Superior	INVADERS	INVADLD	C	70	SU12-r1-1	G	N	L
Alternative	INVASION FORCE	INVASIO	C	19	AL1-r1-0	G	N	Q
Glengary	ISLAND ADVENTURE	ISLLOAD	C	19	G1-r1-1	A	N	G
Robico	ISLAND OF XAAN	XAANLOA	C	19	RB1-r1-0	A	N	[
Red Shift	ISLANDIA	ISLAND	C	19	R1-r1-0	G	N	L
Superior	JACK & THE BEANSTALK	JACK1	C	19	SU11-r1-1	G	N	L
Bug-Byte	JACK ATTACK	BUG	C	19	BU3-r1-1	G	N	_
Alternative	JAM BUTTY	JAMBUT	C	19	AL1-r1-0	G	N	N
Acornsoft	JCB DIGGER	JCB	R	19	AC1-r1a-0	G	Y	_
UNKNOWN	JEDI BATTLE	JEDI	C	19	VA1-r1-0	G	N	G
Superior-unreleased	JEREMY GOES JUMPING	JEREMY1	C	19	SU14-r1-0	G	N	P
English	JET BOOT JACK	JETBTJK	C	19	E1-r1-1	G	Y	H
Ultimate	JET PAC	JETPAC	R	19	U1-r1-0	G	Y	P
Micro Power	JET POWER JACK	LOADER	C	19	MI1-r1-1	G	Y	]
Tynesoft	JET SET WILLY	JETSET	C	19	TY2-r1-0	G	Y	E
Tynesoft	JET SET WILLY 2	JSW2	C	19	TY2-r1-1	G	Y	[
Software Invasion	JETBOAT	JETBOAT	C	19	SI1-r1-0	G	Y	I
Kansas	JIGSAW	JIG-PUZ	C	19	KA1-r1-1	S	N	U
Players	JOE BLADE	JOBLADE	C	19	PQ2-r1-0	G	N	[
Players	JOE BLADE 2	JOEBLD2	C	19	PQ2-r1-0	G	N	Z
Blue Ribbon	JOEY	JOEY	R	19	BR1-r1-0	G	N	B
Lothlorien	JOHNNY REB	J-REB1	C	19	L2-r1-0	G	N	X
Atarisoft	JOUST	JOUST	R	19	A3-r1-1	G	N	R
Westsoft	JOUSTER	JOUSTER	C	19	VA1-r1-1	G	N	P
Software For All	JR	JR	R	19	S1-r1-0	G	N	N
Molimerx	JUMBO	JUMBO	C	11	M4-r1-0	G	N	A
Anirog	JUMP JET	JMPJET1	C	19	A2-r1-0	G	N	_
Doctor Soft	JUMPJET	JET	C	1B	D1-r1-1	G	N	T
Virgin	JUNGLE JIVE	JUNGLE	C	19	V1-r1-0	G	N	P
Mastertronic	KANE	KANE-01	C	19	M2-r1-0	G	N	T
Superior	KARATE COMBAT	KCOMBAT	C	19	SU1-r1-0	G	N	K
Alternative	KARATE WARRIOR	KARATE	C	19	AL1-r1-0	G	N	B
Software Projects	KARL'S KAVERN	KARL'S	C	19	S2-r1-1	G	N	V
Golem	KATAKOMBS	KACOMB	C	19	G1-r1-1	G	N	I
US Gold	KAYLETH	LOADER	C	19	US1-r1-0	G	N	I
Leisure Genius	KENSINGTON	KENSING	C	19	L1-r1-1	G	N	L
Incentive	KET TRILOGY	KETRLGY	C	19	I1-r1-0	G	N	N
selfpub	KIDNAPPED ADVENTURE	KIDNAPP	C	19	AD1-r1-0	G	N	L
Players	KILLAPEDE	KILLA	R	19	PQ2-r1-1	G	N	Y
Micro Power	KILLER GORILLA	KILLERG	C	19	MI1-r1-1	G	Y	\
Superior	KILLER GORILLA 2	KGORIL2	C	19	SU9-r1-1	G	Y	O
Acornsoft	KINGDOM OF HAMIL	HAMIL	C	19	AC3-r1-1	G	N	K
Epic	KINGDOM OF KLEIN	KLEIN	C	19	E1-r1-0	G	N	R
English	KISSIN' KOUSINS	KK	C	19	E1-r1-1	G	N	A
Superior	KIX	KIX	R	19	SU1-r1-1	G	N	E
Domark	KLAX	LOADER	C	19	DO1-r1-1	G	N	F
Ultimate	KNIGHT LORE	KNIGHT	R	19	U1-r1-0	G	Y	N
Alternative	KNOCKOUT	KNOCKOU	C	19	AL1-r1-1	G	N	C
Godax	KOURTYARD	KOURTYD	C	19	G2-r1-0	G	N	W
Gremlin	KRAKOUT	KRAKOUT	C	19	G2-r1-0	G	N	H
Doctor Soft	KREMLIN	KREMLIN	C	19	D1-r1-1	G	N	Q
ATM	L - A MATHEMAGICAL ADVENTURE	L	C	19	AD2-r1-0	A	N	W
Acornsoft	LABYRINTH	LABRNTH	R	19	AC1-r1a-1	S	N	^
Micro Power	LABYRINTHS OF LA COSHE	LOADER	C	19	MI3-r1-0	S	N	E
Superior	LADDER MAZE	LADMAZE	C	19	SU11-r1-1	S	N	J
Alternative	LANDER	LANDER	C	19	AL1-r1-0	G	N	L
Virgin	LANDFALL	LFALL	C	19	V1-r1-0	G	N	M
RH Software	LAS VEGAS	LAS-VEG	C	19	R1-r1-1	G	N	Z
Micro Power	LASER COMMAND	LASER	R	19	MI2-r1-1	G	N	\
Superior	LAST NINJA	NINJA	C	19	SU9-r1-0	G	N	L
Superior	LAST NINJA 2	NINJA	C	19	SU10-r1-0	G	N	Z
Audiogenic	LAST OF THE FREE	FREE	R	19	AU1-r1-1	G	N	F
Atlantis	LEAGUE CHALLENGE	LC	C	19	AT1-r1-1	S	N	A
IJK	LEAPFROG	LEAP1	C	19	IJ1-r1-0	G	N	H
Software Projects	LEDGEMAN	LEDGE	C	19	S2-r1-1	G	N	U
Software Projects	LEGION	LEGION	C	19	S2-r1-1	A	N	S
Dynabyte	LEMMING SYNDROME	LEM1	C	19	D2-r1-1	G	N	F
Gemini	LIBERATOR	LIBERAT	C	19	G1-r1-0	G	N	W
Domark	LICENSE TO KILL	INIT	C	19	DO1-r1-1	G	N	T
Superior	LIFE OF REPTON	MENU	C	19	SU4-r1a-0	G	Y	C
Paean	LIGHT CYCLE	LC-KEYS	C	19	PQ1-r1-0	G	N	P
PSS	LIGHT CYCLE	LIGHT	C	19	PQ2-r1-1	G	N	D
Domark	LIVING DAYLIGHTS	DAYLGHT	C	19	DO1-r1-0	G	N	N
BBC Soft	LOCOMOTION	LOCOM	C	19	BB1-r1-0	G	N	Z
Software Projects	LODE RUNNER	LODE	R	19	S2-r1-1	G	N	Q
H&H	LOONEY LIFT	LIFTLOA	C	19	H1-r1-0	G	N	A
Kansas	LOONY LOCO	LOONY	C	19	KA1-r1-0	G	N	G
Audiogenic	LOOPZ	LOADER	C	19	AU2-r1-0	G	N	P
Melbourne House	LORD OF THE RINGS	LORDS	C	19	M4-r1-0	A	N	K
Level 9	LORDS OF TIME	LORLOAD	C	19	LV1-r1-0	A	N	B
Superior	LOST CITY	LOSTCY	C	19	SU10-r1-1	A	N	H
Salamander	LOST IN SPACE	LIS-PRG	C	19	S3-r1-1	A	N	M
Statasoft	LUDO	LUDO	C	19	S3-r1-1	S	N	J
Alternative	LUNAR INVASION#e	LUNAR	C	19	AL1-r1-0	G	N	M
Ultimate	LUNAR JETMAN	JETMAN	R	19	U1-r1-0	G	N	J
MRM	LUNAR LANDER	LUNARLA	C	19	MR1-r1-0	G	N	K
Alligata	LUNAR RESCUE	RESCUE	C	19	AG1-r1-1	G	N	P
Acorn User	LURCH	LURCH	C	19	ACUGD-r1-0	G	N	N
Screenplay	MAD MONTY	MONTY	C	19	S1-r1-0	G	N	[
Kansas	MAGIC ADVENTURE	MAGIC1	C	19	KA1-r1-0	A	N	E
Acornsoft	MAGIC MUSHROOMS	MUSH	R	19	AC1-r1a-0	G	N	N
Elk Adventure Club	MAGNETIC MOON	MCHOOSE	C	19	E2-r1-0	G	N	I
CSL	MAINLINE	MAINLIN	C	19	C2-r2-1	G	N	E
Blue Ribbon	MANGO	MANGO	C	19	BR2-r1-0	G	N	F
Partis-Soft	MANIAC	MANIAC	R	19	PQ1-r1-0	G	N	G
Software Projects	MANIC MINER	MINER1	R	19	S2-r1-1	G	Y	J
Alternative	MANIC MOLE	MANIC-M	C	19	AL1-r1-0	G	N	U
UNKNOWN	MARTIAN	MARSADV	C	19	AD1-r1-0	A	N	H
Micro Power	MARTIAN ATTACK	MARS	C	19	MI2-r1-1	G	N	Z
Superior	MASTER BREAK	SNOOKER	C	19	SU13-r1-1	S	N	B
Acornsoft	MASTERBRAIN	MSTRBRN	C	19	AC2-r1-1	S	N	A
Acorn User	MASTERMIND	MIND	C	19	ACUGD-r1-0	S	N	K
Logic Systems	MASTERMIND	MSTRMND	C	19	VA1-r1-1	S	N	O
US Gold	MASTERS OF THE UNIVERSE	LOADER	C	19	US1-r1-1	G	N	S
Acorn User	MAZE	MAZE	C	19	ACUGD-r1-0	S	N	M
Acornsoft	MAZE	MAZE1	C	19	AC1-r1a-0	S	N	Q
Martech	MEGA APOCALYPSE	LOADER	R	19	MA1-r1-0	G	N	H
Tynesoft	MEGAFORCE#e	M-FORCE	C	19	TY1-r1-1	G	N	I
Bug-Byte	MEGAROK	MG	R	19	BU3-r1-1	G	N	U
Icon	MERRY XMAS SANTA	SANTA	C	19	IC1-r1-1	G	N	R
Acornsoft	METEOR MISSION	MISSION	R	19	AC1-r1a-1	G	N	]
Acornsoft	METEORS	METEORS	C	19	AC1-r1a-0	G	N	U
Bug-Byte	MICRO DERBY	MICRODE	C	19	BU2-r1-0	G	N	N
Database	MICRO OLYMPICS	HEADER	C	19	DB1-r1-1	G	N	D
Glengary	MICRO QUEST	MICROQU	C	19	G1-r1-1	G	N	D
Alternative	MICROBALL	PINBALL	C	19	AL2-r1-0	G	N	V
Virgin	MICROBE	MICROBE	C	19	V1-r1-0	G	N	G
Firebird	MICROCOSM	MICRSM1	C	19	FB1-r1-0	G	N	R
Imagine	MIKIE	MIKIE	C	50	IM1-r1-1	G	N	P
Incentive	MILLIONAIRE	MILLOAD	C	19	I1-r1-0	S	N	C
Quicksilva	MINED OUT	INTRO	C	19	PQ3-r1-0	G	N	E
Durell	MINESHAFT	MINESHA	R	19	D2-r1-1	G	Y	T
DL Haslam	MIRROR OF KHORONZ	MIRROR	C	19	AD1-r1-0	G	N	G
Acornsoft	MISSILE BASE	MISSILE	C	19	AC1-r1a-1	G	N	[
Gemini	MISSILE COMMAND	MISSBAS	C	19	G1-r1-0	G	Y	V
Alternative	MISSILE JAMMER	MISSILE	C	19	AL1-r1-1	G	N	Q
Superior	MISSILE STRIKE	MISSILE	C	19	SU1-r1-1	G	N	K
Holl-Soft	MISSION XP2	XP2-1	C	19	H1-r1-1	G	N	J
IJK	MODEL A INVADERS	INVAD-A	C	19	IJ1-r1-0	G	N	G
IJK	MODEL B INVADERS	INVADER	C	19	IJ1-r1-0	G	N	F
Salamander	MOLE	MOLELOA	C	19	S3-r1-1	G	N	A
Alligata	MONACO	MONACO	C	19	AG1-r1-1	G	N	L
Alternative	MONEY MAZE	MONEYMA	C	19	AL1-r1-1	G	N	I
Bug-Byte	MONKEY NUTS	MONKEYN	C	19	BU3-r1-0	G	N	_
Leisure Genius	MONOPOLY	MONLOAD	C	19	L1-r1-1	S	N	A
Acornsoft	MONSTERS	MONSTER	C	19	AC1-r1a-1	G	Y	H
Kansas	MOON BUGGY	MOON	C	19	KA1-r1-0	G	Y	D
Superior	MOON MISSION	MOONMIS	C	19	SU11-r1-1	G	N	A
Micro Power	MOON RAIDER	RAIDER	C	19	MI1-r1-1	G	N	[
Incentive	MOONCRESTA	CRESTA	R	19	I1-r1-0	G	N	J
selfpub	MORFIX	MORFIX	R	19	VA1-r1-0	G	N	F
Tynesoft	MOUSE TRAP	MOUSE	C	19	TY1-r1-0	G	N	M
selfpub	MR DO	MRDO	C	19	VA1-r1-1	G	Y	L
Micro Power	MR EE	MRE1	C	19	MI1-r1-1	G	Y	X
Alternative	MR FREEZE	MRFREEZ	C	19	AL1-r1-1	G	N	R
Firebird	MR FREEZE	MRFREEZ	C	19	FB1-r1-0	G	N	T
Eurobyte	MR MEPHISTO	MEPHIST	R	19	E2-r1-0	G	N	F
MRM	MR SHIFTER	SHIFTER	C	19	MR1-r1-0	G	N	H
Ocean	MR WIMPY	WIM	C	19	NO1-r1-0	G	N	M
Superior	MR WIZ	MRWIZ1	C	19	SU7-r1-1	G	Y	E
IJK	MUTANT BREAKOUT	MUTANT	C	19	IJ1-r1-0	G	N	E
Superior	MUTANT SPIDERS	MUTANT	C	19	SU12-r1-1	G	N	\
Adventuresoft	MYST 1 GOLDEN BATON	BATON1	R	19	AS2-r1-0	A	N	N
Adventuresoft	MYST 10 TEN LITTLE INDIANS	INDIAN1	R	19	AS2-r1-0	A	N	D
Adventuresoft	MYST 11 WAXWORKS	WAXWRK1	R	19	AS2-r1-0	A	N	C
Adventuresoft	MYST 2 TIME MACHINE	TIME1	C	19	AS2-r1-0	A	N	M
Adventuresoft	MYST 3 ARROW OF DEATH 1	ARR1-1	C	70	AS2-r1-0	A	N	L
Adventuresoft	MYST 4 ARROW OF DEATH 2	ARR2-1	C	70	AS2-r1-0	A	N	K
Adventuresoft	MYST 5 ESCAPE FROM PULSAR 7	PULSAR1	R	19	AS2-r1-0	A	N	I
Adventuresoft	MYST 6 CIRCUS	CIRCUS1	R	19	AS2-r1-0	A	N	H
Adventuresoft	MYST 7 FEASIBILITY EXPERIMENT	FEAS1	R	19	AS2-r1-0	A	N	G
Adventuresoft	MYST 8 WIZARD OF AKYRZ	AKYRZ1	R	19	AS2-r1-0	A	N	F
Adventuresoft	MYST 9 PERSEUS & ANDROMEDA	PERSEU1	R	19	AS2-r1-0	A	N	E
Alligata	NEANDERTHAL MAN	NEANMAN	C	19	AG1-r1-1	G	N	I
Micro Power	NEMESIS	NEMESIS	C	19	MI1-r1-1	G	N	G
Superior	NETWORK	NETLOAD	C	19	SU7-r1-1	G	N	]
Top Ten	NETWORK	NETLOAD	C	19	T1-r1-1	G	N	V
Superior	NEUTRON	NEUTRON	C	70	SU12-r1-1	G	N	X
4th Dimension	NEVRYON	NEVRYON	C	11	4D1-r1-1	G	N	I
Visions	NIFTY LIFTY	NIFTYL	C	19	VS1-r1-0	G	Y	K
Ultimate	NIGHT SHADE	NIGHT	C	19	U1-r1-0	G	N	G
Alternative	NIGHT STRIKE#e	LOADER	C	19	AL2-r1-0	G	N	Q
Alligata	NIGHT WORLD	NIGHT	R	19	AG1-r1-1	G	N	G
Blue Ribbon	NIGHTMARE MAZE	NIGHT	C	6F	BR1-r1-1	G	N	A
MRM	NIGHTMARE MAZE	MARE	C	19	MR1-r1-0	G	N	E
Larsoft	NINE DANCERS	DANCERS	R	19	L1-r1-0	G	N	T
Virgin	NOC-A-BLOC	NOC	C	19	V1-r1-0	G	Y	D
Software Projects	NUTCRACKA	NUT	R	19	S2-r1-1	G	N	H
MRM	NUTTER	NUTTER	C	19	MR1-r1-1	G	N	P
Bug-Byte	OBLIVION	OBLIVIO	C	19	BU2-r1-0	G	Y	F
Bug-Byte	OLD FATHER TIME	OFT	C	19	BU2-r1-0	A	N	L
Alligata	OLYMPIC DECATHLON	BOOT	R	19	AG3-r1-1	G	N	B
Audiogenic	OMEGA ORB	OMEGA	C	19	AU2-r1-0	G	N	O
Optima	OMEGA PROBE	OMEGA	C	19	NO1-r1-1	G	N	N
Clemoes	ONE LAST GAME	ONELOAD	C	19	C1-r1-1	G	N	C
Impact	ORBITAL	LOADER	C	19	I1-r1-1	G	N	R
UNKNOWN	ORCREST	ORC	C	19	VA2-r1-0	G	N	L
A&F	ORPHEUS	ORPHEUS	C	19	A1-r1-1	G	N	J
Peaksoft	OSSIE	OSSIE	C	19	PQ1-r1-1	G	N	V
Superior	OVERDRIVE	OVERDRI	C	19	SU1-r1-1	G	N	O
Virgin	OWZAT	OWZATL	C	19	V1-r1-1	S	N	D
Tynesoft	OXBRIDGE	OXB	C	19	TY1-r1-0	S	N	I
Acornsoft	PACMAN	PACMAN1	C	19	AC1-r1a-1	G	N	B
A&F	PAINTER	PAINTER	C	19	A1-r1-1	G	Y	I
Superior	PALACE OF MAGIC	POM	R	19	SU2-r1a-0	G	N	B
Superior	PANDEMONIUM	LOADER	R	19	SU7-r1-1	G	N	P
Top Ten	PANDEMONIUM	PANLOAD	C	19	T1-r1-1	G	N	W
Atlantis	PANIK	PANIK	C	19	AT1-r1-1	G	N	C
Superior-unreleased	PANTHEON	MENU	C	19	SU14-r1-0	G	N	D
BBC Soft	PANTRY ANTICS	PANTRY	R	19	BB1-r1-0	G	N	B
Elite	PAPERBOY	PAPERBY	C	19	E1-r1-1	G	N	I
Alternative	PARACHUTE	PARACHU	C	19	AL1-r1-0	G	N	R
selfpub	PARADOX	PARADOX	C	19	VA2-r1-0	G	N	V
Ubik	PARANOID PETE	PETE	C	19	U1-r1-0	G	N	C
Lothlorien	PARAS	PARAS	C	19	L2-r1-0	G	N	V
selfpub	PASS GO	PGO1	C	19	K1-r1-0	G	N	N
IJK	PATIENCE	PATIENC	C	19	IJ1-r1-0	G	N	D
Microgame	PEARL HARBOUR	PEARL	C	19	M1-r1-1	G	N	B
Imagine	PEDRO	PEDRO	C	19	IM1-r1-1	G	N	M
Visions	PENGI	PING0	C	19	VS1-r1-0	G	N	F
H-Soft	PENGO	PENGO	C	19	H1-r1-0	G	Y	G
Postern	PENGWYN	PENGWYN	C	19	PQ3-r1-0	G	N	X
Statasoft	PENTOMINOES	PENT	C	19	S3-r1-1	G	N	G
Superior	PERCY PENGUIN	PERCY	C	19	SU7-r1-1	G	Y	G
Superior	PERPLEXITY	PERPLEX	C	19	SU5-r1a-1	G	N	R
Shards	PETTIGREW'S DIARY	P-DIARY	C	19	S3-r1-0	G	N	I
Tynesoft	PHANTOM	LOADER	C	19	TY5-r1-1	G	N	B
Doctor Soft	PHANTOM COMBAT	BBC4F1	C	19	D1-r1-1	G	N	O
A&F	PHARAOHS TOMB	PHTOMB	C	19	A1-r1-1	G	N	G
Acornsoft	PHILOSOPHER'S QUEST	QUEST	C	19	AC3-r1-1	A	N	F
Potter	PHILOSOPHER'S STONE	STONE-1	C	19	PQ2-r1-1	A	N	H
SU	PILGRIMS' PROGRESS	PP1	C	19	S3-r1-0	A	N	C
Automata	PIMANIA	PIMANIA	C	19	A2-r1-0	G	N	M
Kansas	PINBALL	PINBALL	C	19	KA1-r1-1	G	N	N
Microbyte	PINBALL	PINBALL	C	19	M1-r1-1	G	N	J
Superior	PIPELINE	MENU	C	19	SU8-r1-0	G	N	W
Empire	PIPEMANIA	PMANIA	R	19	E2-r1-1	G	N	A
Bug-Byte	PIRATES IN SPACE	PIRATES	R	19	BU2-r1-0	G	N	K
Alpine	PLAGUE PLANET	LOGO	C	19	AP1-r1-1	G	N	A
Bug-Byte	PLAN B	PLANA	C	19	BU3-r1-0	G	N	T
Bug-Byte	PLAN B2	MUN	C	19	BU3-r1-0	G	N	X
Labyrinth	PLANE CRASH	PC	C	19	L1-r1-0	G	N	W
A&F	PLANES	LOADER	C	19	A1-r1-1	G	N	E
ASP	PLANETFALL	PLANETL	C	19	A2-r1-1	G	N	C
Acornsoft	PLANETOID	PLANETO	C	19	AC1-r1a-1	G	N	C
Virgin	PLANKWALK	PLANKW	C	19	V1-r1-1	G	N	T
Britannia	PLAY YOUR CARDS RIGHT	PLAYLDR	C	19	B1-r1-0	S	N	C
Comsoft	PLAYBOX#e	PLAYBOX	C	19	C2-r2-1	G	N	Y
RH Software	PLEGARON PEOPLE EATERS	PEOPLEE	C	19	R1-r1-1	G	N	X
Cases	PLUNDER	PLUNDER	C	19	C1-r1-0	G	N	W
Micro Power	PLUTONIUM PLUNDER	PLUTON	C	19	MI1-r1-1	G	N	U
Electrosoft	POGO PETE	POGO	C	19	E1-r1-0	G	N	B
Duckworth	POKER	HOWDIE	C	19	D2-r1-0	S	N	G
Statasoft	POKER DICE	POKER	C	19	S3-r1-1	S	N	E
Squirrelsoft	POLAR PERILS	PERIL1	C	19	S1-r1-1	G	N	\
Bug-Byte	POLARIS	POLARIS	C	19	BU2-r1-0	G	N	J
Atarisoft	POLE POSITION	POLE1	C	19	A3-r1-1	G	Y	S
Acorn User	POLYOMINOES	POLY	C	19	ACUGD-r1-0	G	N	I
H-Soft	PONTOON	PONTOON	C	1A	H1-r1-0	S	N	F
IJK	PONTOON	PONTOON	C	19	IJ1-r1-0	S	N	C
Superior	PONTOON	PONTOON	C	19	SU11-r1-0	S	N	F
Holl-Soft	PONY EXPRESS	PONY-1	C	19	H1-r1-1	G	N	I
Dynabyte	POOL HALL	POOL	C	19	D2-r1-1	S	N	C
Micro Power	POSITRON	POSI	C	19	MI1-r1-1	G	N	T
Futura	POWERBOAT RACE	POWER	C	19	F1-r1-0	G	N	C
Arcana	POWERPLAY	POWPLAY	R	19	A3-r1-0	G	N	K
Superior	PREDATOR	PRED	C	19	SU6-r1-1	G	N	U
Level 9	PRICE OF MAGIK	PRICMAG	C	19	LV1-r1-0	G	N	F
Swift	PRISON	PRISON	C	19	S2-r1-0	G	N	H
Atlantis	PRO GOLF	CHOOSE	C	19	AT1-r1-1	S	N	H
Colisoft	PROGRAMMER'S REVENGE	REVENGE	C	19	C2-r2-1	G	N	H
DK Tronics	PROTEANSE	PROTEAN	C	19	D1-r1-0	G	N	X
selfpub	PROTECTOR	PROTECT	C	19	VA1-r1-1	G	N	I
Audiogenic	PSYCASTRIA	PSYCAST	C	19	AU1-r1-0	G	N	H
Audiogenic	PSYCASTRIA 2	PSY2-1	C	19	AU1-r1-0	G	N	I
Larsoft	PUPPET MAN	PUPPET	R	19	L1-r1-0	G	N	S
Thor	PYRAMID PAINTER	PAINTER	C	19	T1-r1-0	G	N	J
Superior	Q*BERT	QBERTLD	C	70	SU12-r1-1	G	N	U
Alligata	Q*BIX#e	QBIX	C	19	AG2-r1-0	G	N	Q
Micro Power	Q*BOYD	Q-BOYD	C	19	MI2-r1-1	G	N	Y
Blue Ribbon	QMAN	QMAN1	C	70	BR1-r1-1	G	N	I
MRM	QMAN	QMANA	C	19	MR1-r1-1	G	N	K
Blue Ribbon	QMAN'S BROTHER	QMANB1	C	19	BR1-r1-1	G	N	E
MRM	QMAN'S BROTHER	QMANB1	C	19	MR1-r1-1	G	N	O
Acorn User	QUADLINE	QLINE	C	19	ACUGD-r1-0	G	N	G
Superior	QUEST	QUEST	C	19	SU2-r1a-1	G	N	R
IJK	QUEST FOR FREEDOM-ELECTRON	FREEDOM	C	19	IJ1-r1-1	G	N	N
Epic	QUEST FOR THE HOLY GRAIL	GRAIL	C	19	E1-r1-0	G	N	W
UNKNOWN	QUEST FOR THE LAST BAKED BEAN	BAKBEAN	C	19	AD1-r1-1	G	N	V
Adventuresoft	QUESTPROBE 1  INCREDIBLE HULK	INHULK1	R	19	AS1-r1-1	G	N	F
Adventuresoft	QUESTPROBE 2 SPIDERMAN	SPIDER1	R	19	AS1-r1-1	G	N	E
Adventuresoft	QUESTPROBE 3 FANTASIC FOUR	FANT4	R	19	AS1-r1-1	G	N	D
Acornsoft	QUONDAM	QUONDAM	C	19	AC3-r1-1	G	N	D
Superior	QWAK!	QWAK!	C	19	SU9-r1-1	G	N	J
Acornsoft	R*THER	R_THER	C	19	AC2-r1-1	G	N	P
US Gold	RAID OVER MOSCOW	RAID	C	19	US1-r1-1	G	N	O
selfpub	RAINBOWS END	A1	C	19	AD1-r1-1	G	N	T
Audiogenic	RANSACK	RANSACK	R	19	AU2-r1-1	G	N	X
selfpub	RASSILION	RASS	C	19	AD3-r1-1	G	N	D
Blue Ribbon	RAVAGE	RAVAGE	R	19	BR1-r1-1	G	N	D
Superior	RAVENSKULL	RAVEN	C	19	SU8-r1-1	G	Y	[
Alternative	REACTION TESTER	REACTIO	C	19	AL1-r1-1	G	N	B
Adventuresoft	REBEL PLANET	REBEL	R	19	AS1-r1-1	G	N	C
Database	RED ARROWS	REDARW	C	19	DB1-r1-1	G	N	B
Level 9	RED MOON	REDLOAD	C	19	LV1-r1-1	G	N	C
Lothlorien	REDCOATS	REDCOAT	C	19	L2-r1-0	G	N	U
Elk Adventure Club	RELUCTANT HERO	HCHOOSE	C	19	E2-r1-1	G	N	U
Senator	RENEGADE ROBOTS	LOADER	C	19	S1-r1-0	G	N	I
Superior	REPTON	REPTON	R	19	SU1-r1-0	G	Y	D
Superior	REPTON 2	REPTON2	R	19	SU1-r1-1	G	Y	D
Superior	REPTON 3	REPTON3	C	19	SU2-r1a-0	G	Y	Q
Superior	REPTON AROUND THE WORLD	MENU	C	19	SU3-r1a-0	G	Y	R
Superior	REPTON INFINITY	LOADER	C	19	SU6-r1-0	G	Y	]
Superior	REPTON THRU TIME	MENU	C	19	SU5-r1a-0	G	Y	C
Blue Ribbon	RETURN OF R2	R2-1	C	19	BR2-r1-1	G	N	B
Domark	RETURN OF THE JEDI	JED0	C	19	DO1-r1-0	G	N	O
Larsoft	RETURN OF THE WARRIOR	RETURN	R	19	L1-r1-0	G	N	R
Level 9	RETURN TO EDEN	EDELOAD	C	19	LV1-r1-1	G	N	B
Kansas	REVENGE OF ZOR	ZORLOAD	C	19	KA1-r1-1	G	N	A
Acornsoft	REVERSI	REVERSI	C	19	AC2-r1-1	S	N	D
Superior	REVERSI	REVERSI	C	19	SU11-r1-0	S	N	B
Acornsoft	REVS	REVSLDR	C	19	AC2-r1-1	G	N	F
Acornsoft	REVS 5 TRACKS	REVS-5	R	19	AC2-r1-1	G	N	I
Robico	RICK HANSON TRILOGY	MENU	C	19	RB1-r1-1	G	N	P
Superior	RICOCHET	RICOCHE	C	19	SU8-r1-0	G	N	C
Tynesoft	RIG ATTACK	ATTACK	R	19	TY1-r1-0	G	N	G
Alternative	RIK THE ROADIE	RIK	C	19	AL2-r1-0	G	N	P
Kansas	RING OF TIME	RINGLOA	C	19	KA1-r1-1	G	N	B
A&B	RIPTON	RIPLOAD	R	19	VA1-r1-1	G	N	E
Superior	ROAD RUNNER	LOADER	C	70	SU12-r1-1	G	N	T
Adventuresoft	ROBIN OF SHERWOOD	ROBIN1	R	19	AS1-r1-1	G	N	B
Alligata	ROBOMAN	ROBO	C	19	AG1-r1-1	G	N	D
Bug-Byte	ROBOTO	ROBOTO	R	19	BU3-r1-0	G	N	Y
Atarisoft	ROBOTRON	ROBOTRN	C	19	A3-r1-1	G	N	V
Silversoft	ROBOTRON	ROBO	R	19	S1-r1-1	G	N	N
Acornsoft	ROCKET RAID	RAID	C	19	AC1-r1a-1	G	Y	E
Alternative	ROCKFALL	ROCKFAL	C	19	AL1-r1-1	G	N	L
Superior	ROCKY	ROCKY	C	19	SU12-r1-1	G	N	O
Elk Adventure Club	ROHAK THE SWORDSMAN	RCHOOSE	C	19	E2-r1-1	G	N	H
Lothlorien	ROMAN EMPIRE	ROMAN	C	19	L2-r1-0	G	N	T
IJK	ROULETTE	ROULET	C	19	IJ1-r1-1	S	N	L
Micro Power	ROULETTE	ROULETT	R	19	MI2-r1-1	S	N	E
Lothlorien	ROUNDHEADS	INTRO	C	19	L3-r1-0	G	N	J
Micro Power	RUBBLE TROUBLE	RUBBLE	C	19	MI1-r1-1	G	N	R
Computer Concepts	Rubik CUBE	RCUBE	C	11	C1-r1-1	S	N	]
Acorn User	RUN SILENT RUN DEEP	SUB1	C	19	ACUGD-r1-0	G	N	C
Triffid	RUNEMAGIC SERIES	CHOOSE	C	19	T2-r1-0	G	N	G
Squaresoft	RUNESTAFF	RUNESTA	C	19	AD1-r1-1	G	N	N
Ultimate	SABRE WULF	ZPR	C	19	U1-r1-1	G	Y	B
Tynesoft	SAIGON	SAIGON	C	19	TY2-r1-1	G	N	Y
Psion	SALOON SALLY	SALOON	C	19	PQ1-r1-1	G	Y	G
Martech	SAM FOX POKER	G.SFPOKER	C	19	MA1-r1-1	S	N	C
Tynesoft	SANTA'S DELIVERY	LOADER	C	19	TY1-r1-1	G	N	V
Comsoft	SAS COMMANDER	SAS	C	19	C2-r2-1	G	N	R
selfpub	SATAN'S CHALLENGE	SATAN	C	19	AD1-r1-1	G	N	K
Bug-Byte	SAVAGE POND	SAVAGE	C	19	BU2-r1-1	G	Y	E
Paean	SCAN	SCAN	C	19	PQ1-r1-0	G	N	N
British Telecom	SCOOP	SCOOP	C	19	AD3-r1-0	G	N	E
Leisure Genius	SCRABBLE	SCRABLE	C	19	L1-r1-1	S	N	I
Swift	SCRAMBLE	SCRAM	C	19	S2-r1-0	G	N	R
Blue Ribbon	SCREWBALL	SCREW	C	19	BR1-r1-1	G	N	S
MRM	SCREWBALL	SCREWB1	C	70	MR1-r1-0	G	N	B
Virgin	SEA ADVENTURE	SEA-ADL	C	19	V1-r1-1	G	Y	E
Bug-Byte	SEA LORD	SEA_LOR	C	19	BU2-r1-1	G	N	F
Mosaic	SECRET DIARY OF ADRIAN MOLE	TITLE	C	19	MO2-r1-0	A	N	B
Blue Ribbon	SECRET SAM 1	SAM1	C	19	BR1-r1-1	G	N	O
MRM	SECRET SAM 1	SECSAM1	C	19	MR1-r1-1	G	N	F
Blue Ribbon	SECRET SAM 2	SSAM2-1	C	19	BR1-r1-1	G	N	K
MRM	SECRET SAM 2	SECSAM	C	70	MR1-r1-1	G	N	A
Micro Power	SEEK	SEEK	C	19	MI3-r1-1	G	N	I
PSS	SENTINEL	SENTINL	C	19	PQ2-r1-1	G	N	E
Players	SHANGHAI WARRIORS	SHANGHI	C	9	PQ2-r1-0	G	N	T
Audiogenic	SHARK	LOADER3	C	19	AU4-r1-1	G	N	A
Richard Jones	SHIPWRECK	SHIPWRE	C	19	AD1-r1-1	G	N	B
A&F	SHRINKING PROFESSOR	PROF	C	19	A1-r1-1	G	N	B
selfpub	SIDEFIGHTER	SFIGHTR	C	19	VA1-r1-1	G	N	B
Postern	SIEGE	SIEGE	C	19	PQ3-r1-0	G	N	W
CSM	SIM	SIM	C	19	C1-r1-0	G	N	P
Superior	SIM CITY	SIMCITY	C	19	SU10-r1-0	G	N	F
Virgin	SINBAD	SINBAD	C	19	V1-r1-1	G	N	C
Atarisoft	SINISTAR	SINISTR	C	19	A3-r1-1	G	Y	W
RH Software	SKI SLALOM	SLALOM	C	19	R1-r1-1	G	N	W
Godax	SKIRMISH	SKIRMSH	R	19	G2-r1-0	G	N	R
Alternative	SKRAMBLE	SKRAMBL	C	19	AL1-r1-0	G	N	C
Bug-Byte	SKYHAWK	SHAWK	R	19	BU3-r1-0	G	N	C
Pace	SKYHAWK	SKYHAWK	C	19	PQ1-r1-0	G	N	Y
Gemini	SLEIGH BELLS	SLEIGH	C	19	G1-r1-0	G	N	T
DK Tronics	SLICKER PUZZLE	SLILOAD	C	11	D1-r1-0	G	N	C
Superior	SMASH & GRAB	SMASH	C	19	SU1-r1-0	G	Y	N
ALT	SNACKER	SNACKER	R	19	VA2-r1-0	G	N	H
RH Software	SNAIL TRAIL	SNAIL	C	19	R1-r1-1	G	N	T
Computer Concepts	SNAKE	SNAKEL	C	19	C1-r1-1	G	N	A
Postern	SNAKE PIT	SNAKEP	C	19	PQ3-r1-0	G	N	U
Kansas	SNAKE#e	KSNAKE	C	11	KA1-r1-1	G	N	J
Alternative	SNAP DRAGON	SNAP	C	19	AL1-r1-1	G	N	E
Acornsoft	SNAPPER V1	SNAPPER	C	19	AC1-r1a-0	G	Y	V
Acornsoft	SNAPPER V2	SNAPPER	C	19	AC1-r1a-1	G	N	N
Acornsoft	SNOOKER	SNOOKER	C	19	AC1-r1a-1	S	N	Q
Visions	SNOOKER	SNOOKER	R	19	VS1-r1-0	S	N	D
Level 9	SNOWBALL	SNOLOAD	C	19	LV1-r1-1	G	N	A
Alternative	SOCCER BOSS	S-BOSS	C	11	AL2-r1-0	S	N	H
MRM	SOLITAIRE	SOLITAI	C	19	MR1-r1-1	S	N	E
Alligata	SON OF BLAGGER	SBLAG	C	19	AG2-r1-0	G	Y	K
Glengary	SORCEROR'S KINGDOM	SORLOAD	C	19	G1-r1-1	G	N	C
Pace	SORCERY	SORCERY	C	19	PQ1-r1-0	G	N	X
Hewson	SOUTHERN BELLE	SBELLE	R	19	H1-r1-0	G	N	J
Pro Software	SPACE ADVENTURE	SPACE	C	19	PQ1-r1-1	G	N	K
Virgin	SPACE ADVENTURE	SPACEAD	C	19	V1-r1-1	G	N	M
Tynesoft	SPACE CAVERNS	SPACE-C	C	19	TY1-r1-0	G	N	F
Superior	SPACE FIGHTER	SFIGHTR	C	19	SU12-r1-1	G	N	N
MP	SPACE GUARD	SPGUARD	R	19	M3-r1-1	G	N	V
Computer Concepts	SPACE HAWKS	SHAWKS	C	19	C1-r1-1	G	N	_
Pace	SPACE HI-WAY	HIWAY	C	19	PQ1-r1-0	G	N	U
Bug-Byte	SPACE INVADERS	INVADER	R	19	BU2-r1-0	G	N	I
Pro Software	SPACE INVADERS	INVADER	C	19	PQ1-r1-1	G	N	J
Micro Power	SPACE JAILER	SJ	C	19	MI2-r1-1	G	N	W
Micro Power	SPACE MAZE	SPACEML	C	19	MI2-r1-1	G	N	U
Superior	SPACE PILOT	SPACEPI	C	19	SU1-r1-1	G	N	T
Audiogenic	SPACE RANGER	RANGER	C	19	AU1-r1-1	G	N	V
Alligata	SPACE RESCUE	RESCUE	C	19	AG2-r1-0	G	N	H
Microdeal	SPACE SHUTTLE	SHUTTLE	C	19	M1-r1-1	G	N	E
Icon	SPACE STATION ALPHA	SPACE	C	19	IC1-r1-1	G	N	K
Bug-Byte	SPACE WARP	S-WARP	R	19	BU2-r1-0	G	N	G
English	SPACEMAN SID	SID1	C	19	E1-r1-1	G	N	V
Lothlorien	SPECIAL OPERATIONS	SO	C	19	L2-r1-0	G	N	R
Mastertronic	SPECTAPEDE	SPECTAP	C	19	M2-r1-0	G	N	P
Superior	SPEECH!	MENU	C	19	SU5-r1a-1	U	N	C
Superior	SPELLBINDER	SPELL	R	19	SU3-r1a-1	G	N	A
selfpub	SPHENISCIFORMES	SPHEN	C	19	VA1-r1-0	G	N	D
Audiogenic	SPHERE OF DESTINY	SOD	R	19	AU1-r1-1	G	N	^
Audiogenic	SPHERE OF DESTINY 2	SPHERE	R	19	AU1-r1-1	G	N	T
Alternative	SPHEROIDS	ROUND1	R	19	AL2-r1-0	G	N	L
Acornsoft	SPHINX ADVENTURE	SPHINX	C	19	AC3-r1-1	A	N	A
Mirrorsoft	SPITFIRE 40	SP40	C	19	MS1-r1-0	G	N	F
Superior	SPITFIRE COMMAND	SFIRE	C	19	SU12-r1-1	G	N	I
Alligata	SPITFIRE FLIGHT SIMULATOR	SPIT-F	C	19	AG1-r1-1	G	N	A
Superior-unreleased	SPITFIRE SIMULATION	SPIT-F	C	19	SU14-r1-0	G	N	M
Software Invasion	SPOOKS & SPIDERS	S&S	C	19	SI1-r1-0	G	N	H
Blue Ribbon	SPOOKSVILLE	SPOOKS	C	19	BR2-r1-1	G	N	E
CDS	SPORTING TRIANGLES-DISC 1	LOAD	C	19	CDST1-r1-0	S	N	A
CDS	SPORTING TRIANGLES-DISC 2	LOAD	C	19	CDST2-r1-0	S	N	A
US Gold	SPY HUNTER	HUNTLDR	C	19	US1-r1-1	G	N	K
Tynesoft	SPY VS SPY	SPYLOAD	C	19	TY2-r1-1	G	N	P
Superior	SPYCAT	SPYLOAD	R	19	SU6-r1-1	G	N	A
Bug-Byte	SQUEEKALISER	SQUEEK	C	19	BU3-r1-0	G	N	A
Potter	STAFF OF LAW	STAFF-1	C	19	PQ2-r1-1	G	N	R
Comsoft	STAIRCASE STAMPEDE	SL	C	19	C2-r2-1	G	N	K
Software Invasion	STAIRWAY TO HELL	LOGO	C	19	SI1-r1-1	G	N	K
Superior	STAR BATTLE	BATTLE	C	19	SU12-r1-1	G	N	G
Gremlin	STAR CLASH	STARCSH	C	19	G2-r1-0	G	N	G
Firebird	STAR DRIFTER	STARDR	R	19	FB1-r1-0	G	N	W
Alternative	STAR FIGHT	STARFIG	C	11	AL1-r1-0	G	N	D
Bug-Byte	STAR FORCE SEVEN	SF7-1	C	19	BU2-r1-1	G	N	C
Mastertronic	STAR MAZE 2	SMAZE	C	19	M2-r1-0	G	N	M
Superior	STAR PORT	STAR	C	19	SU2-r1a-1	G	N	C
Superior	STAR STRIKER	STAR	C	19	SU1-r1-0	G	N	V
Acornsoft	STAR SWARM	SWARM	C	19	AC1-r1a-1	G	N	Z
IJK	STAR TREK	STARTRE	C	19	IJ1-r1-1	G	N	J
Micro Power	STAR TREK	STARTRE	C	19	MI3-r1-1	G	N	U
selfpub	STAR TREK	STARTRK	C	19	VA2-r1-0	G	N	^
Superior	STAR TREK	STREK1	C	19	SU10-r1-1	A	N	D
Superior	STAR WARP	STARWRP	R	19	SU12-r1-1	G	N	E
Domark	STAR WARS	STARWA	C	19	DO1-r1-0	G	N	Z
Micro Power	STARFLEET ENCOUNTER	SFE	C	19	MI3-r1-1	G	N	R
First Byte	STARFORCE LANDER	SFL	C	19	F1-r1-0	G	N	B
Software Invasion	STARMAZE	LOADER	C	19	SI1-r1-1	G	N	A
Bubble Bus	STARQUAKE	STARQUA	R	19	B1-r1-0	G	N	E
Acornsoft	STARSHIP COMMAND	STARSHI	C	19	AC1-r1a-1	G	Y	R
Alligata	STARSHIP DISCOVERY	SSDISCO	C	19	AG2-r1-1	G	N	M
Elk Adventure Club	STARSHIP QUEST	SCHOOSE	C	19	E2-r1-1	G	N	G
Psion	STATIX	STATIX1	C	19	PQ1-r1-1	G	N	A
Blue Ribbon	STEVE DAVIS SNOOKER	B	C	19	BR2-r1-1	G	N	K
CDS	STEVE DAVIS SNOOKER	SNOOKER	C	19	CD1-r1-0	G	N	S
selfpub	STICKY FINGERS	STICKY	C	19	AD2-r1-1	G	N	C
Micro Power	STOCK CAR	STOCK	C	19	MI1-r1-1	G	N	N
Lothlorien	STOLEN LAMP	LAMP	C	19	L2-r1-0	G	N	L
Atlantis	STORM CYCLE	STORM	C	19	AT1-r1-1	G	N	G
Superior	STRANDED	STRAND	R	19	SU10-r1-1	G	N	E
Potter	STRANDED ON ILOOFRAX	STRANDE	C	19	PQ2-r1-1	G	N	T
Heyley	STRANDED!	B	C	19	H1-r1-1	G	N	U
Robico	STRANDED!	LOADER	C	19	RB2-r1-1	G	N	F
ASP	STRATEGY 1	STR1LOA	C	19	A2-r1-1	S	N	O
ASP	STRATEGY 2	STR2LOA	C	19	A2-r1-1	S	N	D
IJK	STRATOBOMBER	STRATOB	R	19	IJ1-r1-1	G	N	I
Software Invasion	STREET MACHINE	STREET	C	19	SI1-r1-1	G	N	O
Mirrorsoft	STRIKE FORCE HARRIER	FORCE	C	19	MS1-r1-1	G	N	M
Artworx	STRIP POKER	POKER	C	19	A4-r1-0	S	N	P
Anco	STRIP POKER 2+	STRIP	C	13	A4-r1-1	S	N	P
Superior	STRYKER'S RUN	MENU	C	19	SU4-r1a-1	G	Y	M
Tomorrow's Dream	SUB STRIKE	SUBHUNT	C	19	T1-r1-0	G	N	B
DK Tronics	SUBKILLER	SUBKR	C	19	D1-r1-0	G	N	R
Players	SUBWAY VIGILANTE	SUBWAY	C	19	PQ2-r1-0	G	N	P
Riverdale	SUDS	CHOOSE	C	19	R1-r1-0	G	N	C
Dollar$oft	SUICIDE ISLAND	SUICIDE	C	19	AD2-r1-1	G	N	W
Tynesoft	SUMMER OLYMPIAD	SUMMERO	R	19	TY4-r1-1	G	N	T
Acornsoft	SUPER DEFENDER	SDEFEND	C	19	AC2-r1-1	G	N	L
DK Tronics	SUPER FRUITS	FRUIT	C	19	D1-r1-0	G	N	P
Squirrelsoft	SUPER GOLF	S/GOLF	C	19	S1-r1-1	G	N	Y
IJK	SUPER HANGMAN	SUPERHA	C	19	IJ1-r1-1	S	N	H
Acornsoft	SUPER INVADERS	INVADER	C	19	AC1-r1a-1	G	N	U
Software Invasion	SUPER POOL	POOL	C	19	SI1-r1-0	G	N	E
Potter	SUPER SPY FLINT	FLINT1A	C	19	PQ2-r1-1	G	N	M
Tynesoft	SUPERGRAN#e	SUPGRAN	C	19	TY1-r1-1	G	N	U
Superior	SUPERIOR SOCCER	SOCCER	C	19	SU6-r1-1	G	N	R
Prism Leisure	SUPERMAN THE GAME	TLOADER	C	11	PQ1-r1-1	G	N	N
Atlantis	SURVIVORS	SURVIVR	R	19	AT1-r1-0	G	N	B
Micro Power	SWAG	SWAG	C	19	MI1-r1-1	G	N	K
MP	SWAMP MONSTERS	SWAMP	C	19	M3-r1-1	G	N	H
Micro Power	SWOOP	SWOOP	R	19	MI1-r1-1	G	Y	J
Acorn User	SWORD MASTER	SWORD	C	19	A3-r1-0	G	N	J
Kansas	SWORDS & SORCERY	SWORDS	C	19	KA1-r1-1	G	N	I
Superior	SYNCRON	SYNCRON	C	19	SU1-r1-0	G	N	Y
AVS	SYSTEM 15000	SYSTEM	C	19	A2-r1-0	G	N	G
Blue Ribbon	SYSTEM 8	SYS8OBJ	R	19	BR2-r1-1	G	N	F
selfpub	SYSTEM WADGEBURY	WADGER	C	19	VA2-r1-1	G	N	]
Superior	TACTIC	TACLOAD	R	19	SU9-r1-1	G	N	D
Interceptor	TALES OF ARABIAN NIGHTS	ARAB	C	19	I1-r1-1	G	N	C
CDS	TANK ATTACK	TANK	C	19	CD1-r1-0	G	N	P
Salamander	TANKS	TANKS	C	19	S3-r1-1	G	N	K
US Gold	TAPPER	TAPPER	C	19	US1-r1-1	G	N	D
Alligata	TARZAN	TARZAN1	C	60	AG2-r1-0	G	N	D
Martech	TARZAN	TARZAN	C	19	MA1-r1-0	G	N	B
Superior	TEMPEST	TEMPEST	C	19	SU8-r1-1	G	N	B
Adventuresoft	TEMPLE OF TERROR	TTERROR	R	19	AS1-r1-1	G	N	A
Bug-Byte	TEMPLETON	TEMPLE	C	19	BU3-r1-1	G	N	K
Bug-Byte	TENNIS	TENNIS	R	19	BU3-r1-1	G	N	C
Melbourne House	TERRORMOLINOS	TERROR	C	19	M2-r1-1	G	N	L
CSL	TEST MATCH	TEST	C	19	C2-r2-1	A	N	C
Acornsoft	TETRAPOD	TETRAPD	C	19	AC1-r1a-1	G	N	X
Mirrorsoft	TETRIS	TETRIS	C	19	MS1-r1-1	G	N	F
Mosaic	THE ARCHERS	ARCHER	C	19	MO1-r1-0	G	N	M
Tynesoft	THE BIG KO	!BOOT1	C	19	TY5-r1-0	G	N	B
Bob Ord	THE FIVE	THEFIVE	C	19	VA2-r1-0	G	N	B
Software For All	THE FROG	THEFR-L	C	19	S1-r1-0	G	N	X
Artic	THE GREAT WALL	TGWL	C	16	A2-r1-0	G	N	A
Firebird	THE HACKER	HACKER	C	19	FB1-r1-0	G	N	Z
Melbourne House	THE HOBBIT	HOBBIT	C	19	M2-r1-1	A	N	I
Century	THE HORSE LORD	HLORD	R	19	C1-r1-0	G	N	S
Epic	THE LOST CRYSTAL	CRYSTAL	C	19	E1-r1-0	G	N	G
Micro Power	THE MAZE	MAZE	C	19	MI2-r1-1	G	N	Q
Micro Power	THE MINE	MINE	C	19	MI1-r1-1	G	N	D
Mosaic	THE PEN AND THE DARK	PENDARK	C	19	MO1-r1-0	G	N	D
Larsoft	THE PROPHECY	PROPHEC	R	19	L1-r1-0	G	N	Q
Software Projects	THE PYRAMID	PYRA	R	19	S2-r1-1	G	N	B
Disk User	THE QUEST	QUEST	C	19	AD2-r1-1	G	N	D
Gilsoft	THE QUILL	QUILL	C	19	G1-r1-0	G	N	G
selfpub	THE SEA QUEEN	SEAQUEE	C	19	AD1-r1-1	G	N	E
Firebird	THE SENTINEL	SENTINL	C	19	FB1-r1-1	G	N	E
Acornsoft	THE SEVENTH STAR	SEVENTH	C	19	AC3-r1-0	G	N	C
MRM	THE SORCERER	SORCERO	C	19	MR1-r1-1	G	N	B
Gemini	THE STING	STING	C	19	G1-r1-0	G	N	P
ASP	THE VALLEY	VALLEYL	C	19	A2-r1-1	G	N	B
Quicksilva	THE WIZARD	WIZARD	C	19	PQ3-r1-0	G	N	C
Superior	THRUST	THRUST	C	19	SU5-r1a-1	G	Y	N
Mastertronic	THUNDERBALL	TBALL	C	19	M2-r1-0	G	N	I
Audiogenic	THUNDERSTRUCK	THUNBAS	C	19	AU1-r1-0	G	N	S
Audiogenic	THUNDERSTRUCK 2	TH2	C	19	AU1-r1-1	G	N	P
Software For All	TIME ADVENTURE	TRAVEL	R	19	S1-r1-0	G	N	K
UNKNOWN	TIME LAPSED	TIMEL1	R	19	VA2-r1-1	G	N	R
Micro Power	TIME TREK	TIMETRE	C	19	MI3-r1-1	G	N	V
Red Shift	TIMELORDS	TIMELD1	C	40	R1-r1-0	G	N	Q
Kansas	TOMAHAWK	THAWK	C	19	KA1-r1-1	G	N	D
Holl-Soft	TOMB OF DEATH	TOMB-1	C	19	H1-r1-1	G	N	F
Players	TOMCAT	TOMCAT	C	19	PQ2-r1-0	G	N	H
A&F	TOWER OF ALOS	TOWER	C	19	A1-r1-1	G	N	A
Gemini	TRADITIONAL GAMES	LOADER	C	19	G1-r1-0	S	N	C
Squirrelsoft	TRAFALGAR	TRFALGR	C	19	S1-r1-1	G	N	U
selfpub	TRAIN GAME	TRAINS	C	19	VA2-r1-1	G	N	^
Softspot	TRANSISTOR'S REVENGE	TRANS	R	19	S2-r1-0	G	N	V
Blue Ribbon	TRAPPER	TRAP1	C	19	BR2-r1-1	G	N	I
Macsen	TREASURE HUNT	HUNT	C	19	MC1-r1-0	G	N	F
Acorn User	TREK	TREK	C	19	A3-r1-0	G	N	C
Tynesoft	TREK II	TLOADER	C	19	TY1-r1-1	G	N	M
Virgin	TRENCH	TRENCH	C	19	V1-r1-1	G	N	L
Domark	TRIVIAL PURSUIT	TRIVIAL	C	19	DO2-r1-0	S	N	C
selfpub	TUBES	TUBES	C	19	VA2-r1-1	G	N	O
Duckworth	TUNNEL ADVENTURE	TUNNEL	C	11	D2-r1-0	G	N	E
R Sears	TURBO	TURBO	C	19	VA1-r1-0	G	N	B
Blue Ribbon	TURF FORM	TURFFOR	R	19	BR2-r1-1	G	N	J
Bug-Byte	TUTANKHAMUN'S REVENGE	B	R	19	BU1-r1-0	G	N	_
Bug-Byte	TWIN KINGDOM VALLEY	TITLE	C	19	BU2-r1-1	A	N	J
Superior-unreleased	UGGIES GARDEN	LOADER	C	18	SU14-r1-1	G	N	A
4th Dimension	UIM	UIM-1	C	19	4D2-r1-1	G	N	[
Alligata	ULTRON	ULTRON	R	19	AG2-r1-0	G	N	B
Audiogenic	ULTRON	ULTRON	R	19	AU1-r1-0	G	N	\
CSM	ULTRON	ULTRON	R	19	C1-r1-0	G	N	R
Icon	ULTRON	ULTRON	R	19	IC1-r1-1	G	N	A
Alligata	UNCLE CLAUDE	CLAUDE	C	19	AG2-r1-1	G	Y	H
Duckworth	UNDERGROUND	UNDERGR	C	11	D2-r1-0	A	N	D
Bug-Byte	URANIANS	URAN	C	19	BU3-r1-0	G	N	F
Hewson	URIDIUM	URIDLOA	C	19	H1-r1-0	G	N	D
Tynesoft	US DRAG RACING	TURBO	C	19	TY1-r1-1	G	N	E
Superior-unreleased	V-TOL DEMO	VTOL	C	19	SU14-r1-0	G	N	R
Acorn User	VARPON	VARPON	C	19	ACUGD-r1-0	G	N	F
Mastertronic	VEGAS JACKPOT	LOADER	C	19	M2-r1-0	G	N	G
Superior	VERTIGO	?BOOT	R	19	SU8-r1-1	G	N	C
Blue Ribbon	VIDEO CARD ARCADE	VCA	C	19	BR2-r1-1	S	N	O
Firebird	VIDEO CLASSICS	CLASSIC	R	19	F1-r1-0	G	N	A
Alternative	VIDEO PINBALL	VPIN	C	19	AL2-r1-0	G	N	F
Alligata	VIDEOS REVENGE	VIDEOS	C	19	AG2-r1-1	G	N	F
Magus	VILLAGE OF LOST SOULS	MAGUS	C	19	M3-r1-1	G	N	A
Robico	VILLAGE OF LOST SOULS	VILLAGE	C	19	RB1-r1-1	G	N	F
Tynesoft	VINDALOO	VINDLOO	C	19	TY2-r1-1	G	N	W
Acornsoft	VOLCANO	VOLCANO	R	19	AC2-r1-1	Y	N	N
Software Invasion	VORTEX	VORTEX	C	19	SI1-r1-0	G	N	D
selfpub	VORTEX DEMO	PART-1	C	19	VA2-r1-1	G	N	N
Martech	W.A.R.	MENU	C	19	MA1-r1-1	G	N	Q
Superior	WALLABY	WALLABY	C	19	SU1-r1-0	G	N	G
ASP	WALLY GOES WALKIES	WALLY1	C	19	A2-r1-0	G	N	B
UNKNOWN	WAR GAMES	CAT	C	19	VA2-r1-1	G	N	I
Top Ten	WAREHOUSE	WAREHOU	C	19	T1-r1-1	G	N	U
Acorn User	WARLORD	W.F0	C	19	ACUGD-r1-1	G	N	W
Visions	WARLORD OF DOOM	WARLORD	C	19	VS1-r1-0	G	N	Q
Icon	WARP-1	WARP	C	19	IC1-r1-1	G	N	J
Lothlorien	WATERLOO	SECWAT	C	19	L2-r1-0	G	N	D
Melbourne House	WAY OF THE EXPLODING FIST	FIST001	C	19	M2-r1-1	G	N	G
Alligata	WEB RUNNER	WEBRUNN	C	19	AG2-r1-1	G	Y	D
Artic	WEB WAR	WEB-WAR	R	19	A2-r1-0	G	N	N
Romik	WEETABIX VS THE TITCHIES	LOADER	C	19	R1-r1-1	G	N	A
ASP	WENDY GOES WALKIES	WENDY	C	19	A2-r1-1	G	N	J
Ozark	WESTQUEST	WESTQ	C	19	VA3-r1-0	G	N	B
Tynesoft	WETZONE-ELECTRON	1	R	19	TY1-r1-1	G	N	K
Epic	WHEEL OF FORTUNE	FORTUNE	C	19	E1-r1-1	S	N	Z
OIC	WHEELER DEALER	OIC	C	19	NO1-r1-0	G	N	I
ASP	WHITE BARROWS	WHITEL	C	19	A2-r1-1	G	N	A
BBC Soft	WHITE KNIGHT MK11	W-NITE	C	19	BB1-r1-1	S	N	J
BBC Soft	WHITE KNIGHT MK12	WK-1	C	19	BB1-r1-1	S	N	G
4th Dimension	WHITE MAGIC	MENU	C	19	4D2-r1-0	G	N	Z
Alligata	WHO DARES WINS II	INS	C	19	AG3-r1-0	G	N	\
selfpub	WHOOPSY	WHOOPSY	C	19	VA2-r1-1	G	N	A
Partis-Soft	WIGGLES	WIGGLES	R	19	PQ1-r1-0	G	N	F
Superior	WINGED WARLORDS	WINGED	C	19	SU12-r1-1	G	N	C
Tynesoft	WINTER OLYMPIAD	WNTOLPD	C	19	TY4-r1-0	G	N	E
Tynesoft	WINTER OLYMPICS	WINTERO	C	19	TY3-r1-0	G	N	H
Incentive	WINTER WONDERLAND	WINT	R	19	I1-r1-1	G	N	L
Imagine	WIZADORE	WIZADOR	R	19	IM1-r1-1	G	Y	K
Acorn User	WIZALON	WIZLOAD	C	19	ACUGD-r1-0	G	N	D
Micro Power	WIZARD'S CHALLENGE	WC1	C	19	MI3-r1-1	G	N	X
Audiogenic	WIZZY'S MANSION	WIZZY	R	19	AU1-r1-1	G	N	Z
Artic	WOKS	WOKS	C	19	A2-r1-1	G	N	Z
Doctor Soft	WOLFPACK 3	WOLF	C	19	D1-r1-1	G	N	M
Thor	WONDER WORM	WWORM	C	19	T1-r1-0	G	N	F
Audiogenic	WONGO	WONGOL	C	19	AU1-r1-0	G	N	[
Icon	WONGO	WONGO	R	19	IC1-r1-1	G	N	G
Shards	WOODBURY END	INTRO	C	19	S3-r1-0	G	N	H
MP	WOODLAND TERROR	LOADB	R	19	M3-r1-1	G	N	I
Cosma	WORLD CUP MANAGER	WORLD	C	11	C1-r1-0	G	N	C
Hessel	WORLD TRAVEL GAME	TRAVEL	C	19	H1-r1-0	G	N	P
Lothlorien	WORLD WAR I	INTRO	C	19	L3-r1-1	G	N	X
Level 9	WORM IN PARADISE	WORM	C	19	LV1-r1-1	G	N	D
Larsoft	WYCHWOOD	WYCHWOO	R	19	L1-r1-0	G	N	P
Brassington	XADOMY	XADLOAD	C	19	B1-r1-0	G	N	G
Hopesoft	XANADU	XANLOAD	C	19	H1-r1-1	A	N	A
Alligata	XANADU COTTAGE	XANCOT1	C	19	AG2-r1-1	G	N	A
Postern	XANAGRAMS	XANAGRA	C	11	PQ3-r1-0	G	N	M
Superior-unreleased	XLCR	LOADER	C	19	SU14-r1-0	G	N	B
Logotron	XOR	XOR	R	19	L2-r1-0	G	Y	C
Logotron	XOR DESIGNER	XORDES	C	11	L2-r1-1	U	N	A
Mosaic	YES PRIME MINISTER	YPM	C	19	MO1-r1-1	A	N	N
Imagine	YIE AR KUNG FU	YIE_AR	C	19	IM1-r1-1	G	N	F
Imagine	YIE AR KUNG FU 2	YIE_AR	C	19	IM1-r1-0	G	N	[
Superior	YOYO	YOYO	C	19	SU7-r1-1	G	N	N
Top Ten	YOYO	YOYO	C	19	T1-r1-1	G	N	H
Aardvark	ZALAGA	ZALAGA	C	19	A1-r1-0	G	Y	T
Solar Soft	ZANY KONG	ZANYK	C	19	S1-r1-0	G	Y	U
Superior	ZANY KONG JUNIOR	JUNIOR	R	19	SU12-r1-1	G	Y	A
Micro Power	ZARM	ZARM	C	19	MI2-r1-1	G	N	K
Impact	ZENON	ZENON	C	19	I1-r1-0	G	N	F
Audiogenic	ZIGGY	MENU	C	19	AU4-r1-0	G	N	D
Icon	ZORAKK THE CONQUEROR	ZOR-1	C	19	IC1-r1-1	G	N	D
