the yorkshire boys	10secs	s.10secs	s	F9	TYB21a	m	n	Z
the yorkshire boys	19 (a)	s.tune	s	F9	TYB02b	m	n	D
the yorkshire boys	19 (b)	s.in1965	s	F9	TYB02b	m	n	C
the yorkshire boys	20cfox	20cfox	s	FE	TYB08	p	n	T
the yorkshire boys	3d pot	pot	c	19	TYB16b	p	n	Z
the yorkshire boys	3d surfer	c.3dsurfa	s	FE	TYB11	p	n	O
the yorkshire boys	8am	8am	s	F8	TYB17b	p	n	F
the yorkshire boys	a5000	a5000	s	F8	TYB17a	p	n	J
the yorkshire boys	adamski	s.adamski	s	F9	tyb20a	m	n	R
the yorkshire boys	air raid	s.raid	s	F9	TYB04a	m	n	E
the yorkshire boys	amnimations	menu	c	12	TYB16a	p	n	F
the yorkshire boys	announce	s.franky	s	F9	TYB04a	m	n	J
the yorkshire boys	Anon	s.Anon	s	F9	TYB22a	m	n	K
blue ribbon	art creator	art	c	19	TYB07b	n	n	H
the yorkshire boys	ballrun	ballrin	s	F8	TYB17b	p	n	I
the yorkshire boys	bangle	bangle	s	FE	TYB10	p	n	\
the yorkshire boys	batlogo	batlogo	s	F8	TYB17b	p	n	J
the yorkshire boys	beats	s.jamhot	s	F9	TYB03b	m	n	H
the yorkshire boys	beep	s.beep	s	F9	TYB22a	m	n	C
the yorkshire boys	bell	s.bell	s	F9	TYB22b	m	n	G
the yorkshire boys	betty boo	betty1	c	19	TYB06b	m	n	S
the yorkshire boys	Big-track	bigtrak	c	19	TYB16b	p	n	U
the yorkshire boys	bike	bike	s	FE	TYB09	p	n	Z
the yorkshire boys	bline	s.bline	s	F9	tyb20a	m	n	N
the yorkshire boys	blue pearl	pearl1	c	19	TYB06a	m	n	S
the yorkshire boys	blue peter	s.blue	s	F9	TYB02b	m	n	A
the yorkshire boys	blue velvet	s.velvet	s	F9	TYB03b	m	n	A
the yorkshire boys	bod	s.bod	s	F9	TYB18b	m	n	C
the yorkshire boys	boing	s.boing	s	F9	TYB21a	m	n	G
the yorkshire boys	bronski	bronski	s	FE	TYB10	p	n	[
the yorkshire boys	burglar bill	s.beans	s	F9	TYB02a	m	n	F
the yorkshire boys	burgular bill	bill	c	19	TYB14b	m	n	I
the yorkshire boys	burnett	burnett	s	FE	TYB08	p	n	S
the yorkshire boys	burt1	burt1	s	FE	TYB10	p	n	Z
the yorkshire boys	burt2	burt2	s	FE	TYB10	p	n	Y
the yorkshire boys	burt3	burt3	s	FE	TYB10	p	n	X
the yorkshire boys	busy bee	busy	c	19	TYB16b	p	n	V
the yorkshire boys	callspr	s.callspl	s	F9	TYB22a	m	n	D
the yorkshire boys	cancan	s.cancan	s	F9	tyb20b	m	n	F
the yorkshire boys	car	s.car	s	F9	TYB22a	m	n	H
the yorkshire boys	carrier	carrier	s	FE	TYB09	p	n	Y
the yorkshire boys	chess	chess	s	F8	TYB17b	p	n	G
the yorkshire boys	cigar	cigar	s	FE	TYB10	p	n	W
the yorkshire boys	clipart	b.showme	c	19	TYB18a	p	n	E
the yorkshire boys	clive	s.clive	s	F9	TYB18b	m	n	F
the yorkshire boys	clothes show	s.clothes	s	F9	TYB02a	m	n	J
the yorkshire boys	cokecan	COKECAN	s	F8	TYB17a	p	n	Q
the yorkshire boys	comehom	s.comehom	s	F9	tyb19a	m	n	J
the yorkshire boys	comic	s.comic	s	F9	TYB21a	m	n	W
the yorkshire boys	copper	s.copper	s	F9	TYB21a	m	n	M
the yorkshire boys	copper	s.copper	s	F9	TYB22b	m	n	M
the yorkshire boys	cottage	cottage	s	F8	TYB17b	p	n	H
the yorkshire boys	count1	s.count1	s	F9	TYB21b	m	n	J
the yorkshire boys	count2	s.count2	s	F9	TYB21b	m	n	I
the yorkshire boys	count3	s.count3	s	F9	TYB21b	m	n	H
the yorkshire boys	cow	c.cow	s	FE	TYB11	p	n	N
the yorkshire boys	crowd	s.crowd	s	F9	TYB21a	m	n	V
the yorkshire boys	crowd2	s.crowd2	s	F9	TYB21b	m	n	E
the yorkshire boys	cubix	cubik1	c	19	TYB14a	p	n	H
the yorkshire boys	cyco	s.cyco	s	F9	tyb20b	m	n	B
the yorkshire boys	daffy duck	c.daffydu	s	FE	TYB11	p	n	M
the yorkshire boys	dancing coke can	cokecan	c	12	TYB16b	p	n	A
the yorkshire boys	daredev	daredev	r	11	TYB08	p	n	R
electron user	day at the races	races	c	11	TYB07b	n	n	G
the yorkshire boys	dear kim	s.kim	s	F9	TYB04a	m	n	G
the yorkshire boys	demo	b.demo4	c	19	TYB08	p	n	D
the yorkshire boys	depeche	S.jesus1	s	F9	TYB02a	m	n	I
the yorkshire boys	depeche mode	s.depeche	s	F9	TYB04b	m	n	B
the yorkshire boys	desert	desert	s	FE	TYB09	p	n	X
the yorkshire boys	desk top publisher	dtp	c	19	TYB12	u	n	Y
the yorkshire boys	digital mix	mega1	c	19	TYB14a	m	n	U
the yorkshire boys	diluk	s.diluk	s	F9	TYB18b	m	n	H
the yorkshire boys	dire straits	s.dire	s	F9	TYB04b	m	n	D
the yorkshire boys	dm	s.dm	s	F9	tyb20b	m	n	L
the yorkshire boys	dm1	s.dm1	s	F9	tyb20a	m	n	H
the yorkshire boys	dm2	s.dm2	s	F9	tyb20a	m	n	I
the yorkshire boys	dmec2	s.dmec2	s	F9	tyb20b	m	n	E
the yorkshire boys	dmec2	s.dmec2	s	F9	tyb20b	m	n	E
the yorkshire boys	does not work	!boot	r	19	TYB13A	z	n	A
the yorkshire boys	dog	dog	s	FE	TYB09	p	n	W
the yorkshire boys	dog	s.dog	s	F9	TYB18b	m	n	G
the yorkshire boys	doors1	s.doors1	s	F9	tyb20b	m	n	N
the yorkshire boys	dredd	dredd	s	FE	TYB08	p	n	Q
the yorkshire boys	drinkup	s.drinkup	s	F9	TYB22b	m	n	B
the yorkshire boys	duran duran	s.duran2	s	F9	TYB03a	m	n	F
the yorkshire boys	earth	EARTH	s	F8	TYB17a	p	n	P
the yorkshire boys	edie brickell	s.edie	s	F9	TYB03a	m	n	D
the yorkshire boys	enough	s.enough	s	F9	TYB21b	m	n	G
the yorkshire boys	eviden	s.eviden	s	F9	TYB21a	m	n	Q
the yorkshire boys	fall	s.fall	s	F9	TYB03a	m	n	B
the yorkshire boys	fanfare	s.fanfare	s	F9	TYB04a	m	n	K
the yorkshire boys	fiesta	fiesta	s	FE	TYB09	p	n	V
the yorkshire boys	figaro	s.figaro	s	F9	TYB21a	m	n	H
the yorkshire boys	fire2	s.fire2	s	F9	tyb20a	m	n	P
the yorkshire boys	fire2	s.fire	s	F9	tyb20b	m	n	G
the yorkshire boys	fish	FISH	s	F8	TYB17a	p	n	O
the yorkshire boys	flodum	flodum	C	19	TYB09	p	n	U
the yorkshire boys	flower	flower	s	FE	TYB09	p	n	T
the yorkshire boys	foggy	foggy	s	FE	TYB08	p	n	P
the yorkshire boys	foz	s.foz	s	F9	TYB18b	m	n	B
the yorkshire boys	furry	FURRY	s	F8	TYB17a	p	n	N
the yorkshire boys	fyc	s.fyc	s	F9	TYB22a	m	n	Q
the yorkshire boys	gallieo	s.gallieo	s	F9	TYB22a	m	n	J
the yorkshire boys	garfie1	garfie1	s	FE	TYB08	p	n	O
the yorkshire boys	garfie2	garfie2	s	FE	TYB08	p	n	N
the yorkshire boys	gazza	s.gazza	s	F9	TYB03b	m	n	G
the yorkshire boys	genesis	genesis	s	FE	TYB10	p	n	V
the yorkshire boys	getup	s.getup	s	F9	TYB22a	m	n	F
the yorkshire boys	girl	girl	s	FE	TYB09	p	n	S
the yorkshire boys	girly	girly	s	F8	TYB17b	p	n	K
the yorkshire boys	globe demo	b.globe	c	19	TYB08	p	n	C
the yorkshire boys	God only knows	s.godonly	s	F9	tyb19b	m	n	J
the yorkshire boys	goldm	s.goldm	s	F9	tyb19b	m	n	B
the yorkshire boys	goodn	s.goodn	s	F9	TYB22b	m	n	N
the yorkshire boys	graham	s.graham	s	F9	TYB21a	m	n	R
electron user	grand prix	Grand-p	c	11	TYB07b	n	n	E
the yorkshire boys	groovy	s.groovy	s	F9	tyb20a	m	n	J
the yorkshire boys	guard	c.guards	s	FE	TYB11	p	n	L
the yorkshire boys	guitar	s.guitar	s	F9	tyb20a	m	n	O
the yorkshire boys	ha!	s.ha!	s	F9	TYB04a	m	n	H
the yorkshire boys	hammer	s.hammer	s	F9	tyb20a	m	n	Q
the yorkshire boys	hangon	s.hangon	s	F9	tyb19b	m	n	D
the yorkshire boys	hangon2	s.hangon2	s	F9	tyb19b	m	n	C
the yorkshire boys	hear	s.hear	s	F9	tyb20b	m	n	A
the yorkshire boys	hello	s.hello	s	F9	TYB22b	m	n	A
the yorkshire boys	henley logo	henley	c	19	TYB16b	p	n	M
the yorkshire boys	hit	s.hit	s	F9	TYB21a	m	n	P
the yorkshire boys	hitit	s.hitit	s	F9	TYB22a	m	n	G
the yorkshire boys	hottap	hottap	s	F8	TYB17b	p	n	D
the yorkshire boys	housey mix	house1	c	11	TYB05b	m	n	M
the yorkshire boys	How was2	s.howwas2	s	F9	tyb19b	m	n	F
the yorkshire boys	How was3	s.howwas3	s	F9	tyb19b	m	n	E
the yorkshire boys	howwas1	s.howwas1	s	F9	tyb19b	m	n	G
the yorkshire boys	huh!	s.huh	s	F9	TYB02a	m	n	D
the yorkshire boys	human league	Human1	c	19	TYB06b	m	n	L
the yorkshire boys	human1	s.human1	s	F9	TYB21b	m	n	C
the yorkshire boys	humanoid	s.human1	s	F9	TYB04b	m	n	G
the yorkshire boys	I want	s.iwant	s	F9	TYB22a	m	n	M
the yorkshire boys	idamn	s.idamn	s	F9	tyb19b	m	n	I
the yorkshire boys	Inxs 1	s.inxs	s	F9	TYB03b	m	n	E
the yorkshire boys	Inxs 2	s.inxs2	s	F9	TYB03b	m	n	C
the yorkshire boys	ironman	ironman	s	FE	TYB08	p	n	L
the yorkshire boys	jack mix	jack1	c	19	TYB05b	m	n	V
the yorkshire boys	Jackson 5	s.jackson	s	F9	TYB03b	m	n	F
the yorkshire boys	jak1	s.jak1	s	F9	TYB21b	m	n	B
the yorkshire boys	james	s.james1	s	F9	TYB02a	m	n	O
the yorkshire boys	james whale	whalmix	c	72	TYB01b	m	n	I
electron user	karate	karate	c	19	TYB07b	g	n	L
the yorkshire boys	kate	KATE	s	F8	TYB17a	p	n	E
the yorkshire boys	kaylee	s.kaylee	s	F9	TYB21b	m	n	K
the yorkshire boys	keepup	s.keepup	s	F9	TYB21a	m	n	I
the yorkshire boys	kimlar	kimlar	s	FE	TYB10	p	n	T
the yorkshire boys	kinnock	kinnock	s	FE	TYB08	p	n	K
the yorkshire boys	kiss me	s.kissme	s	F9	TYB03a	m	n	C
the yorkshire boys	klf1	s.klf1	s	F9	tyb20b	m	n	H
the yorkshire boys	klf2	s.klf2	s	F9	tyb20b	m	n	I
the yorkshire boys	klfs	s.klfs	s	F9	tyb20b	m	n	J
the yorkshire boys	knight	knight	s	FE	TYB09	p	n	R
the yorkshire boys	ladies	ladies	s	F8	TYB17b	p	n	C
the yorkshire boys	laff	s.laff	s	F9	TYB22b	m	n	L
the yorkshire boys	larryh	larryh	s	FE	TYB10	p	n	R
the yorkshire boys	laugh	s.laugh	s	F9	TYB21a	m	n	\
the yorkshire boys	laugh	s.laugh	s	F9	tyb20b	m	n	D
the yorkshire boys	lauper	lauper	s	FE	TYB10	p	n	Q
the yorkshire boys	layla	s.layla1	s	F9	TYB02a	m	n	A
the yorkshire boys	ldpic	ldpic	R	0	TYB09	u	n	Q
the yorkshire boys	letlie1	s.letlie1	s	F9	TYB21a	m	n	U
the yorkshire boys	letlie3	s.letlie3	s	F9	TYB21b	m	n	D
the yorkshire boys	light	LIGHT	s	F8	TYB17a	p	n	M
the yorkshire boys	lisa	lisa	s	FE	TYB09	p	n	P
the yorkshire boys	loads a moneyiv	loads1	c	19	TYB14a	m	n	R
the yorkshire boys	loadsa' money	lmix1	c	19	TYB01a	m	n	O
the yorkshire boys	loadsa' money	lmix1v2	c	19	TYB06a	m	n	U
the yorkshire boys	london beat	s.london	s	F9	TYB03b	m	n	D
the yorkshire boys	long	s.long	s	F9	tyb20a	m	n	G
the yorkshire boys	losecon	s.losecon	s	F9	tyb19a	m	n	I
the yorkshire boys	ltmap	ltmap	s	FE	TYB09	p	n	O
the yorkshire boys	ltmap	ltmap	s	FE	TYB09	p	n	O
the yorkshire boys	mabuse	s.mabuse	s	F9	TYB22b	m	n	O
the yorkshire boys	mactune	s.mactune	s	F9	TYB22a	m	n	N
the yorkshire boys	madness	s.madness	s	F9	TYB02b	m	n	F
the yorkshire boys	Madonna 1	madonv1	c	19	TYB16a	p	n	^
the yorkshire boys	magic	s.magic	s	F9	TYB03a	m	n	E
the yorkshire boys	mandolbot	c.mand01	s	FE	TYB11	p	n	K
the yorkshire boys	mandolbot	c.mand03	s	FE	TYB11	p	n	I
the yorkshire boys	mandolbrot	c.mand02	s	FE	TYB11	p	n	J
the yorkshire boys	mandolbrot	c.mand04	s	FE	TYB11	p	n	H
the yorkshire boys	manic mole	Manic-m	c	11	TYB07b	n	n	F
the yorkshire boys	marilyn	marilyn	s	FE	TYB10	p	n	O
the yorkshire boys	mc hammer	ucant	c	19	TYB05a	m	n	C
the yorkshire boys	meat1	s.meat1	s	F9	tyb20b	m	n	K
the yorkshire boys	mega mix 2	megload	l	73	TYB05a	m	n	K
the yorkshire boys	mega mix III freak out	megload	c	73	TYB05a	m	n	K
the yorkshire boys	megamix	mixi	c	19	TYB01a	m	n	L
the yorkshire boys	megamix ii	mixii	c	19	TYB01a	m	n	E
the yorkshire boys	megamix iv	m4load	c	19	TYB14b	m	n	U
the yorkshire boys	melod	s.melod	s	F9	TYB22a	m	n	L
the yorkshire boys	merry	merry	s	FE	TYB09	p	n	N
the yorkshire boys	miami vice	s.miami	s	F9	TYB02a	m	n	N
the yorkshire boys	mickey	mickey	s	FE	TYB09	p	n	M
the yorkshire boys	model	model	s	FE	TYB09	p	n	L
the yorkshire boys	movie	movie	s	FE	TYB10	p	n	M
the yorkshire boys	Mr mad	s.mrmad	s	F9	TYB22a	m	n	O
the yorkshire boys	mr.doo	mr.doo	c	11	TYB07b	n	n	A
the yorkshire boys	music compilation	menu1	c	12	TYB19a	m	n	F
the yorkshire boys	music compilation2	menu1	c	19	TYB20a	m	n	C
the yorkshire boys	music compilation3	menu1	c	19	TYB21a	m	n	E
the yorkshire boys	music compilation4	menu1	c	19	TYB21a	m	n	E
the yorkshire boys	music lover	s.sexp	s	F9	TYB04b	m	n	F
the yorkshire boys	new kids on the block	kiddy1	c	19	TYB06a	m	n	M
the yorkshire boys	new order	s.neword	s	F9	TYB02a	m	n	M
the yorkshire boys	news	s.news	s	F9	TYB02a	m	n	L
the yorkshire boys	nfl	c.nfl	s	FE	TYB11	p	n	G
the yorkshire boys	nikita	s.nikita	s	F9	TYB02b	m	n	E
the yorkshire boys	nineteen	19load	c	76	TYB01b	m	n	B
the yorkshire boys	nowhere	s.nowhere	s	F9	TYB21a	m	n	[
the yorkshire boys	online8	s.online8	s	F9	TYB22a	m	n	I
the yorkshire boys	oracle	s.oracle	s	F9	TYB21a	m	n	K
the yorkshire boys	orch	s.orch	s	F9	TYB21a	m	n	]
the yorkshire boys	paradis	s.paradis	s	F9	TYB22b	m	n	H
the yorkshire boys	phil	s.phil	s	F9	TYB02b	m	n	B
the yorkshire boys	piano	PIANO	s	F8	TYB17a	p	n	L
the yorkshire boys	picture menu	menu	c	11	TYB10	p	n	N
the yorkshire boys	picture menu	b.show	c	19	TYB17a	p	n	H
the yorkshire boys	picture show	b.mega	C	19	TYB08	p	n	B
the yorkshire boys	pink floyd	floyd	c	19	TYB07a	m	n	^
the yorkshire boys	pinup	PINUP	s	F8	TYB17a	p	n	K
the yorkshire boys	primal	s.primal	s	F9	TYB02b	m	n	H
the yorkshire boys	propaganda	s.mabuse	s	F9	TYB02a	m	n	G
the yorkshire boys	pump up the bitter	pump1	c	19	TYB05b	m	n	Q
the yorkshire boys	pwei	s.pwei	s	F9	TYB04b	m	n	C
the yorkshire boys	pwei2	s.pwei2	s	F9	tyb20a	m	n	T
the yorkshire boys	quarz	c.quaza	s	FE	TYB11	p	n	F
the yorkshire boys	rambo	rambo	s	FE	TYB09	p	n	K
the yorkshire boys	ravel	s.rave1	s	F9	TYB22b	m	n	Q
the yorkshire boys	rayner	rayner	s	FE	TYB08	p	n	G
the yorkshire boys	rdmc1	s.rdmc1	s	F9	tyb20b	m	n	M
the yorkshire boys	ready	s.ready	s	F9	tyb19a	m	n	N
the yorkshire boys	reagan	reagan	s	FE	TYB10	p	n	L
the yorkshire boys	reason	s.reason	s	F9	TYB22a	m	n	B
the yorkshire boys	redlogo	REDLOGO	s	F8	TYB17a	p	n	F
the yorkshire boys	reeves	s.reeves	s	F9	TYB21a	m	n	X
the yorkshire boys	relax	s.goon	s	F9	TYB04a	m	n	I
the yorkshire boys	retribution demo	!boot	e	19	TYB07a	z	n	B
the yorkshire boys	robocop	robmix	c	74	TYB01b	m	n	L
the yorkshire boys	rocky	rocky	s	FE	TYB10	p	n	K
the yorkshire boys	roll	s.roll	s	F9	TYB22a	m	n	P
the yorkshire boys	root	c.root01	s	FE	TYB11	p	n	E
the yorkshire boys	root	c.root03	s	FE	TYB11	p	n	C
the yorkshire boys	rotating skull	skull	c	19	TYB16b	p	n	H
the yorkshire boys	rudolphs mix	rsmix4	r	19	TYB14b	m	n	E
the yorkshire boys	sarah	SARAH	s	F8	TYB17a	p	n	G
the yorkshire boys	sarah	s.sarah	s	F9	TYB18b	m	n	A
the yorkshire boys	sbanshe	sbanshe	s	FE	TYB10	p	n	J
the yorkshire boys	seal	s.seal	s	F9	TYB04b	m	n	A
the yorkshire boys	Set me free	set1	c	19	TYB06a	m	n	J
the yorkshire boys	Shine-on	s.love1	s	F9	TYB04a	m	n	F
the yorkshire boys	ship	ship	s	FE	TYB09	p	n	J
the yorkshire boys	ship	ship	s	FE	TYB10	p	n	I
the yorkshire boys	showall	showall	c	19	TYB09	p	n	I
the yorkshire boys	silly games	silly1	c	19	TYB06b	m	n	C
the yorkshire boys	simon	simon	s	F9	TYB18b	m	n	Q
the yorkshire boys	simon	s.simon	s	F9	TYB18b	m	n	E
the yorkshire boys	sitdown	s.sitdown	s	F9	tyb19a	m	n	M
electron user	skramble	skrambl	c	eo	TYB07b	n	n	K
the yorkshire boys	slide show	!boot	e	19	TYB15a	p	n	E
the yorkshire boys	smallp	smallp	s	F9	TYB18b	m	n	P
the yorkshire boys	sneeze	s.sneeze	s	F9	TYB22b	m	n	K
the yorkshire boys	sons	s.sons	s	F9	tyb19a	m	n	K
the yorkshire boys	sound	s.sound	s	F9	tyb19a	m	n	L
the yorkshire boys	soup dragons	free1	c	19	TYB14b	m	n	K
the yorkshire boys	source	s.source	s	F9	tyb20a	m	n	L
the yorkshire boys	source2	s.source2	s	F9	tyb20a	m	n	M
the yorkshire boys	space	space	s	F8	TYB17b	p	n	N
the yorkshire boys	spark	s.spark	s	F9	TYB22b	m	n	J
the yorkshire boys	sphere	sphere	s	F8	TYB17b	p	n	M
the yorkshire boys	spinning discs	globe	c	19	TYB16b	p	n	Y
the yorkshire boys	spinning globe	globe	c	19	TYB16b	p	n	Y
the yorkshire boys	stars	stars	s	F9	TYB18b	m	n	O
the yorkshire boys	still	still	s	F8	TYB17b	p	n	L
the yorkshire boys	stone roses	s.stone	s	F9	TYB04a	m	n	C
software invasion	street machine	street	c	11	TYB07b	n	n	B
the yorkshire boys	strikers theme	stryker	c	19	TYB01a	m	n	G
the yorkshire boys	stunt man	s.stunt	s	F9	TYB02a	m	n	K
the yorkshire boys	sum1	s.sum1	s	F9	TYB21b	m	n	A
the yorkshire boys	sunday	s.sunday	s	F9	tyb19b	m	n	A
the yorkshire boys	sunset	sunset	s	FE	TYB09	p	n	H
the yorkshire boys	tall guy	s.sneeze	s	F9	TYB04a	m	n	D
the yorkshire boys	terribl	s.terribl	s	F9	TYB21a	m	n	S
the yorkshire boys	thank	s.thank	s	F9	tyb20a	m	n	K
the yorkshire boys	thanks	thanks	s	F9	TYB18b	m	n	N
the yorkshire boys	the rack	s.rack	s	F9	TYB03b	m	n	B
the yorkshire boys	the wizard	wizard1	c	19	TYB05a	m	n	W
the yorkshire boys	thelads	thelads	s	F9	TYB18b	m	n	M
the yorkshire boys	theme	s.theme	s	F9	TYB21a	m	n	Y
the yorkshire boys	thisis	s.thisis	s	F9	tyb19a	m	n	B
the yorkshire boys	thomas	THOMAS	s	FE	TYB08	p	n	F
the yorkshire boys	thunderbirds mix	fab1	c	19	TYB05b	m	n	I
the yorkshire boys	tiger	tiger	s	F9	TYB18b	m	n	L
the yorkshire boys	tiger1	tiger1	s	FE	TYB09	p	n	E
the yorkshire boys	time bomb	s.bomb	s	F9	TYB03a	m	n	A
the yorkshire boys	title	title	s	F8	TYB17b	p	n	B
the yorkshire boys	toms diner	dnamix1	c	19	TYB06b	m	n	N
the yorkshire boys	tonight	kiddy1	c	19	TYB06a	m	n	M
the yorkshire boys	toon	s.toon	s	F9	TYB22b	m	n	R
the yorkshire boys	top gun	topload	c	11	TYB01b	m	n	E
the yorkshire boys	touch	s.touch	s	F9	tyb20a	m	n	S
the yorkshire boys	Trans-x	s.video	s	F9	TYB04b	m	n	E
the yorkshire boys	tripple	triple	s	FE	TYB10	p	n	F
the yorkshire boys	truck	truck	s	FE	TYB09	p	n	D
the yorkshire boys	tun2	s.tun2	s	F9	TYB22b	m	n	S
the yorkshire boys	tune	s.tune	s	F9	TYB21b	m	n	F
the yorkshire boys	tut	tut	s	FE	TYB09	p	n	C
the yorkshire boys	tyb logo	tybdemo	c	19	TYB16b	p	n	I
the yorkshire boys	u cant touch this mix	ucant	c	19	TYB05a	m	n	C
the yorkshire boys	unifoom	s.unifoom	s	F9	TYB22b	m	n	E
the yorkshire boys	utah saints	utah	c	73	TYB14a	m	n	C
the yorkshire boys	v2	v2	s	FE	TYB10	p	n	E
the yorkshire boys	v3	v3	s	FE	TYB10	p	n	D
the yorkshire boys	v4	v4	s	FE	TYB10	p	n	C
the yorkshire boys	v5	v5	s	FE	TYB10	p	n	B
the yorkshire boys	vic	s.vic	s	F9	TYB21a	m	n	T
the yorkshire boys	Vivaldi 1	s.viv1	s	F9	TYB03a	m	n	G
the yorkshire boys	Vivaldi 2	s.viv2	s	F9	TYB03a	m	n	H
the yorkshire boys	voila	s.voila	s	F9	TYB21a	m	n	L
the yorkshire boys	walk1	WALK1	s	F8	TYB17a	p	n	B
the yorkshire boys	walk2	walk2	s	F8	TYB17a	p	n	D
the yorkshire boys	walls	s.walls	s	F9	tyb19a	m	n	H
the yorkshire boys	warning	s.warning	s	F9	TYB04a	m	n	B
the yorkshire boys	water	water	s	F8	TYB17a	p	n	C
the yorkshire boys	wegonna	s.wegonna	s	F9	TYB22a	m	n	E
the yorkshire boys	welcome	s.welcome	s	F9	TYB22b	m	n	F
the yorkshire boys	what is love	love1	c	11	TYB05a	m	n	E
the yorkshire boys	whatfor	s.whatfor	s	F9	tyb19a	m	n	O
the yorkshire boys	whatho	s.whatho	s	F9	TYB21a	m	n	J
the yorkshire boys	wierdie	s.wierd	s	F9	TYB04b	m	n	H
the yorkshire boys	wizard	wizard	s	FE	TYB09	p	n	B
the yorkshire boys	woah	s.woah	s	F9	TYB22b	m	n	I
the yorkshire boys	woman	woman	s	F9	TYB18b	m	n	K
the yorkshire boys	woodstock	stock	c	19	TYB16b	p	n	[
the yorkshire boys	woofer	woofer	s	FE	TYB08	p	n	E
the yorkshire boys	worcter	worcter	s	FE	TYB09	p	n	A
the yorkshire boys	work	work	s	F9	TYB18b	m	n	J
the yorkshire boys	wrong	s.wrong	s	F9	TYB22b	m	n	D
the yorkshire boys	ybs menu 1	!boot	r	11	TYB01a	m	n	B
the yorkshire boys	ybs menu 2	menu1	c	oa	TYB02a	m	n	C
the yorkshire boys	ybs menu 3	menu1	c	0a	TYB03a	m	n	I
the yorkshire boys	ybs menu 4	menu1	c	0a	TYB04a	m	n	N
the yorkshire boys	youcant	s.youcant	s	F9	tyb19b	m	n	H
the yorkshire boys	youll	s.youll	s	F9	TYB21a	m	n	N
the yorkshire boys	young	s.young	s	F9	TYB22b	m	n	P
the yorkshire boys	zap	s.zap	s	F9	TYB21a	m	n	O
the yorkshire boys	zaphod1	s.zaphod1	s	F9	TYB22b	m	n	C
